siren,nic,siret,statutDiffusionEtablissement,dateCreationEtablissement,trancheEffectifsEtablissement,anneeEffectifsEtablissement,activitePrincipaleRegistreMetiersEtablissement,dateDernierTraitementEtablissement,etablissementSiege,nombrePeriodesEtablissement,complementAdresseEtablissement,numeroVoieEtablissement,indiceRepetitionEtablissement,dernierNumeroVoieEtablissement,indiceRepetitionDernierNumeroVoieEtablissement,typeVoieEtablissement,libelleVoieEtablissement,codePostalEtablissement,libelleCommuneEtablissement,libelleCommuneEtrangerEtablissement,distributionSpecialeEtablissement,codeCommuneEtablissement,codeCedexEtablissement,libelleCedexEtablissement,codePaysEtrangerEtablissement,libellePaysEtrangerEtablissement,identifiantAdresseEtablissement,coordonneeLambertAbscisseEtablissement,coordonneeLambertOrdonneeEtablissement,complementAdresse2Etablissement,numeroVoie2Etablissement,indiceRepetition2Etablissement,typeVoie2Etablissement,libelleVoie2Etablissement,codePostal2Etablissement,libelleCommune2Etablissement,libelleCommuneEtranger2Etablissement,distributionSpeciale2Etablissement,codeCommune2Etablissement,codeCedex2Etablissement,libelleCedex2Etablissement,codePaysEtranger2Etablissement,libellePaysEtranger2Etablissement,dateDebut,etatAdministratifEtablissement,enseigne1Etablissement,enseigne2Etablissement,enseigne3Etablissement,denominationUsuelleEtablissement,activitePrincipaleEtablissement,nomenclatureActivitePrincipaleEtablissement,caractereEmployeurEtablissement,activitePrincipaleNAF25Etablissement
000325175,00016,00032517500016,O,2000-09-26,NN,,3212ZZ,2024-03-22T15:40:57,false,3,,,,,,,MANIHI COTE MONTAGNE TUAMOTU,98770,MANIHI,,,98727,,,,,,,,,,,,,,,,,,,,,,2009-05-27,F,,,,,32.12Z,NAFRev2,N,
000325175,00024,00032517500024,O,2008-05-20,NN,,,2024-03-30T05:08:28,false,2,,1,,,,PLACE,LEONCE DE SEYNES,84000,AVIGNON,,,84007,,,,,84007cvsr_B,851150.0982592739,6317267.146094748,,,,,,,,,,,,,,,2011-10-21,F,TAHITI PERLES CREATIONS,,,,47.89Z,NAFRev2,N,
000325175,00032,00032517500032,O,2009-05-27,NN,,,2024-03-30T05:56:39,false,2,ECONOMIS,6,,,,AVENUE,FRANCOIS MAURIAC,84000,AVIGNON,,,84007,,,,,840072225_B,848084.2366812509,6316548.347114814,,,,,,,,,,,,,,,2011-10-21,F,TAHITI PERLES CREATIONS,,,,32.12Z,NAFRev2,N,
000325175,00040,00032517500040,O,2011-10-21,NN,,3212ZZ,2024-03-30T05:48:29,false,2,,170,,,,AVENUE,DU COL DE L’ANGE,13420,GEMENOS,,,13042,,,,,130420096_B,913005.2782392878,6245869.653506171,,,,,,,,,,,,,,,2014-01-07,F,TAHITI PERLES CREATION,,,,32.12Z,NAFRev2,N,
000325175,00057,00032517500057,O,2014-01-07,NN,,,2024-03-30T05:29:10,false,2,,61,,,,RUE,MARX DORMOY,13004,MARSEILLE,,,13204,,,,,132045859_B,894589.9700529675,6247476.0260883765,,,,,,,,,,,,,,,2018-02-07,F,TAHITI PERLES CREATION,,,,32.12Z,NAFRev2,N,
000325175,00065,00032517500065,O,2018-02-07,NN,,,2025-12-06T00:08:31,true,1,,51,,,,RUE,MARX DORMOY,13004,MARSEILLE,,,13204,,,,,132045859_B,894569.8467557925,6247518.1219648,,,,,,,,,,,,,,,2018-02-07,A,,,,,32.12Z,NAFRev2,N,32.12Y
001807254,00014,00180725400014,O,1972-05-01,NN,,,2024-03-30T03:53:05,false,3,,15,,,,RUE,D'INGLEMUR,54200,TOUL,,,54528,,,,,545280700_B,912923.8817613188,6845494.51299018,,,,,,,,,,,,,,,2008-01-01,F,,,,,95.24Z,NAFRev2,N,
001807254,00022,00180725400022,O,2009-10-01,NN,,,2024-03-30T03:53:05,true,2,,31,,,,RUE,D'ALEMBERT,02100,SAINT-QUENTIN,,,02691,,,,,026910115_B,721307.3780863137,6973973.347916682,,,,,,,,,,,,,,,2014-12-31,F,,,,,85.59A,NAFRev2,N,
005410220,00015,00541022000015,O,,NN,,,2024-03-22T15:40:57,true,1,,,,,,RUE,DE HOUDENT,80210,TOURS-EN-VIMEU,,,80765,,,,,,,,,,,,,,,,,,,,,,1988-03-31,F,,,,,22.02,NAP,N,
005410345,00010,00541034500010,O,,NN,,,2024-03-30T16:08:33,true,1,,,,,,ROUTE,DE DOULLENS,80100,ABBEVILLE,,,80001,,,,,800010620_B,617782.5995851721,7001664.069528669,,,,,,,,,,,,,,,1984-12-25,F,,,,,79.06,NAP,N,
005410394,00018,00541039400018,O,,NN,,,2024-03-22T15:40:57,true,1,,,,,,CHE,PETIT,80120,ARGOULES,,,80025,,,,,,,,,,,,,,,,,,,,,,1987-12-01,F,,,,,64.42,NAP,N,
005410428,00014,00541042800014,O,1954-01-01,NN,,,2024-03-30T18:44:50,true,1,,68,,,,CHAUSSEE,MARCADE,80100,ABBEVILLE,,,80001,,,,,800011240_B,616187.0667506256,7002005.876689943,,,,,,,,,,,,,,,1989-06-11,F,,,,,70.2C,NAF1993,N,
005410436,00017,00541043600017,O,,NN,,,2024-03-30T07:06:26,true,1,,,,,,CHAUSSEE,D'HOCQUET,80100,ABBEVILLE,,,80001,,,,,800010950_B,615899.1248229351,7001646.114187017,,,,,,,,,,,,,,,1984-12-25,F,,,,,57.11,NAP,N,
005410485,00014,00541048500014,O,,NN,,,2024-03-22T15:40:57,true,1,,177,,,,RUE,GRANDE,80220,GAMACHES,,,80373,,,,,,,,,,,,,,,,,,,,,,1985-12-25,F,,,,,64.42,NAP,N,
005410493,00018,00541049300018,O,,NN,,,2024-03-22T15:40:57,true,1,,,,,,HAM,DE HAMICOURT,80210,TOURS-EN-VIMEU,,,80765,,,,,,,,,,,,,,,,,,,,,,,F,,,,,86.06,NAP,N,
005410501,00018,00541050100018,O,1954-01-01,NN,,,2024-03-30T17:04:51,true,1,,,,,,RUE,DU FORT MARDI,80150,VIRONCHAUX,,,80808,,,,,808080040_B,615914.9887055407,7021864.711469269,,,,,,,,,,,,,,,2001-12-31,F,,,,,55.4B,NAF1993,N,
005410519,00010,00541051900010,O,,NN,,,2024-03-30T07:27:42,true,1,,10,,,,RUE,PASTEUR,80550,LE CROTOY,,,80228,,,,,802280800_B,601620.6016302361,7014079.917749507,,,,,,,,,,,,,,,,F,,,,,62.11,NAP,N,
005410527,00013,00541052700013,O,,NN,,,2024-03-30T09:09:08,true,1,,84,,,,RUE,PASTEUR,80100,ABBEVILLE,,,80001,,,,,800011480_B,615960.8760042273,7001743.527421082,,,,,,,,,,,,,,,1997-07-01,F,,,,,70.2C,NAF1993,N,
005410543,00010,00541054300010,O,,NN,,,2024-03-30T09:24:30,true,1,,,,,,ROUTE,NATIONALE,80860,NOUVION,,,80598,,,,,805980421_B,612892.0105797307,7013094.491856465,,,,,,,,,,,,,,,,F,,,,,67.05,NAP,N,
005410642,00010,00541064200010,O,,NN,,,2024-03-30T03:12:14,true,1,,1,,,,RUE,DE SAINT-VALERY,80220,GAMACHES,,,80373,,,,,803730920_B,596733.8025706881,6988854.58138133,,,,,,,,,,,,,,,1991-12-31,F,,,,,64.45,NAP,N,
005410667,00017,00541066700017,O,,NN,,,2024-03-22T15:40:57,true,1,,,,,,,,80132,MAREUIL-CAUBERT,,,80512,,,,,,,,,,,,,,,,,,,,,,1996-10-30,F,,,,,55.4B,NAF1993,O,
005410675,00010,00541067500010,O,,NN,,,2024-03-22T15:40:57,true,1,,,,,,,,80270,ALLERY,,,80019,,,,,,,,,,,,,,,,,,,,,,1984-12-25,F,,,,,62.43,NAP,N,
005410717,00010,00541071700010,O,,NN,,,2024-03-30T17:13:15,true,1,,27,,,,RUE,SAINT JEAN,80135,SAINT-RIQUIER,,,80716,,,,,807160515_B,624847.4278977821,7004575.034938539,,,,,,,,,,,,,,,1990-10-31,F,,,,,65.06,NAP,N,
005410733,00017,00541073300017,O,,NN,,,2024-03-30T03:08:54,true,1,,17,,,,PETITE RUE,NOTRE - DAME,80100,ABBEVILLE,,,80001,,,,,800011420_B,616085.4728702786,7001385.212106389,,,,,,,,,,,,,,,,F,,,,,57.03,NAP,N,
005410741,00010,00541074100010,O,,NN,,,2024-03-22T15:40:57,true,1,,,,,,AV,DE LA GARE,80120,QUEND,,,80649,,,,,,,,,,,,,,,,,,,,,,1985-12-25,F,,,,,64.42,NAP,N,
005410758,00014,00541075800014,O,,NN,,,2024-03-30T13:08:50,true,1,,,,,,CHAUSSEE,MARCADE,80100,ABBEVILLE,,,80001,,,,,800011240_B,616143.6933307206,7002084.806655714,,,,,,,,,,,,,,,1984-12-25,F,,,,,67.05,NAP,N,
005410816,00010,00541081600010,O,,NN,,,2024-03-29T22:53:18,true,1,,3,,,,RUE,DE L'ARQUET,80370,HIERMONT,,,80440,,,,,804400002_B,634058.4815024603,7011221.418013085,,,,,,,,,,,,,,,,F,,,,,38.40,NAP,N,
005410857,00014,00541085700014,O,,NN,,,2024-03-30T04:38:49,true,1,,37,,,,RUE,PIERRE SAUVAGE,80100,ABBEVILLE,,,80001,,,,,800011540_B,616258.73457556,7001859.6001464715,,,,,,,,,,,,,,,,F,,,,,62.11,NAP,N,
005410873,00029,00541087300029,O,1980-01-01,NN,,,2024-03-29T23:26:50,true,1,,9,,,,RUE,CHARLES DE GAULLE,80220,GAMACHES,,,80373,,,,,803730110_B,596695.9946395296,6988206.102848349,,,,,,,,,,,,,,,1999-12-31,F,,,,,70.2C,NAF1993,N,
005410899,00024,00541089900024,O,2000-01-01,NN,,,2024-03-30T06:22:01,true,1,,21,,,,BOULEVARD,VOLTAIRE,80100,ABBEVILLE,,,80001,,,,,800012270_B,615793.821516623,7001283.867209569,,,,,,,,,,,,,,,2001-03-22,F,,,,,74.1J,NAF1993,N,
005410949,00019,00541094900019,O,,NN,,,2024-03-30T13:48:46,true,1,,35,,,,PLACE,MAX LEJEUNE,80100,ABBEVILLE,,,80001,,,,,800010970_B,616484.3364561212,7001530.645093034,,,,,,,,,,,,,,,,F,,,,,64.11,NAP,N,
005410980,00014,00541098000014,O,,NN,,,2024-03-22T15:40:57,true,1,,,,,,,,80132,MIANNAY,,,80546,,,,,,,,,,,,,,,,,,,,,,1987-06-30,F,,,,,67.07,NAP,N,
005411053,00019,00541105300019,O,,NN,,,2024-03-30T18:33:22,true,1,,,,,,RUE,D’ABBEVILLE,80870,MOYENNEVILLE,,,80578,,,,,80578fmopny_B,612744.6004444173,6997291.909723834,,,,,,,,,,,,,,,1991-03-31,F,,,,,65.03,NAP,N,
005411236,00010,00541123600010,O,,NN,,,2024-03-22T15:40:57,true,1,,,,,,RUE,DU MOULIN,80220,MAISNIERES,,,80500,,,,,,,,,,,,,,,,,,,,,,,F,,,,,55.40,NAP,N,
005411343,00014,00541134300014,O,,NN,,,2024-04-25T09:37:19,true,1,,,,,,RUE,DU GENERAL LECLERC,80150,CRECY-EN-PONTHIEU,,,80222,,,,,,,,,,,,,,,,,,,,,,1992-10-31,F,,,,,50.1Z,NAF1993,N,
005411434,00011,00541143400011,O,,NN,,,2024-03-22T15:40:57,true,1,,,,,,,,80120,FAVIERES,,,80303,,,,,,,,,,,,,,,,,,,,,,1987-09-30,F,,,,,65.02,NAP,N,
005411483,00018,00541148300018,O,,NN,,,2024-03-22T15:40:57,true,1,,,,,,,,80150,CRECY-EN-PONTHIEU,,,80222,,,,,,,,,,,,,,,,,,,,,,1984-12-25,F,,,,,62.41,NAP,N,
005411582,00017,00541158200017,O,1954-01-01,NN,,,2024-03-30T01:16:04,true,5,,47,,,,CHAUSSEE,DU BOIS,80100,ABBEVILLE,,,80001,,,,,800010210_B,616773.7860598504,7001737.182158355,,,,,,,,,,,,,,,2010-12-25,F,,,,,68.20B,NAFRev2,N,
005411699,00019,00541169900019,O,,NN,,,2024-03-22T15:40:57,true,1,,,,,,,,80150,CRECY-EN-PONTHIEU,,,80222,,,,,,,,,,,,,,,,,,,,,,1999-01-10,F,,,,,57.03,NAP,N,
005411806,00010,00541180600010,O,,NN,,,2024-03-30T17:45:17,true,1,,,,,,RUE,ALFRED FRANCOIS,80100,ABBEVILLE,,,80001,,,,,800010040_B,616663.0281498734,7001744.381647324,,,,,,,,,,,,,,,1984-12-25,F,,,,,62.11,NAP,N,
005411954,00018,00541195400018,O,,NN,,,2024-03-30T10:34:45,true,1,,,,,,RUE,JULES VERNE,80550,LE CROTOY,,,80228,,,,,802280580_B,601994.8698864816,7013894.41416455,,,,,,,,,,,,,,,1984-12-25,F,,,,,38.50,NAP,N,
005411962,00011,00541196200011,O,,NN,,,2024-03-22T15:40:57,true,1,,,,,,,,80150,DOMVAST,,,80250,,,,,,,,,,,,,,,,,,,,,,1990-12-31,F,,,,,67.05,NAP,N,
005411996,00019,00541199600019,O,,NN,,,2024-03-30T07:03:36,true,1,,10,,,,AVENUE,DE LA GARE,80100,ABBEVILLE,,,80001,,,,,800010800_B,615863.9765063404,7001141.841095297,,,,,,,,,,,,,,,,F,,,,,67.04,NAP,N,
005420013,00012,00542001300012,O,,NN,,,2024-03-30T11:32:24,true,1,,264,,,,CHAUSSEE,D'HOCQUET,80100,ABBEVILLE,,,80001,,,,,800010950_B,615757.405433723,7001916.269409503,,,,,,,,,,,,,,,,F,,,,,62.21,NAP,N,
005420021,00015,00542002100015,O,1900-01-01,NN,,,2024-03-30T12:39:13,false,6,,17,,,,RUE,DES LINGERS,80100,ABBEVILLE,,,80001,,,,,800011190_B,616546.4188528932,7001583.181356614,,,,,,,,,,,,,,,2008-09-05,F,,,,,46.69B,NAFRev2,O,
005420021,00023,00542002100023,O,1995-02-14,NN,,,2024-03-30T12:39:13,false,6,,,,,,RUE,TUROLD,76630,ENVERMEU,,,76235,,,,,762350142_B,574985.791656942,6979212.0500528645,,,,,,,,,,,,,,,2009-12-31,F,,,,,46.69B,NAFRev2,O,
005420021,00031,00542002100031,O,1996-03-15,NN,,,2024-03-30T12:39:13,false,5,,134,,,,RUE,HENRI BARBUSSE,80130,FRIVILLE-ESCARBOTIN,,,80368,,,,,803680640_B,595577.1655949035,6999277.967600873,,,,,,,,,,,,,,,2009-12-31,F,,,,,46.69B,NAFRev2,O,
005420021,00049,00542002100049,O,2008-09-05,NN,,,2024-03-30T12:39:13,false,2,ZAC DES DEUX VALLEES,52,,,,RUE,VENTOSE,80100,ABBEVILLE,,,80001,,,,,800012235_B,618705.2706935114,7001057.516014204,,,,,,,,,,,,,,,2009-12-23,F,,,,,46.69B,NAFRev2,O,
005420021,00056,00542002100056,O,2009-12-23,NN,,,2025-12-06T03:57:36,true,1,,21,B,,,BOULEVARD,DES PRES,80100,ABBEVILLE,,,80001,,,,,800011770_B,616393.5745431304,7000826.96739121,,,,,,,,,,,,,,,2009-12-23,A,,,,,46.69B,NAFRev2,O,46.64J
005420039,00017,00542003900017,O,,NN,,,2024-03-30T15:20:54,true,1,,3,,,,PLACE,DU PILORI,80100,ABBEVILLE,,,80001,,,,,800011560_B,616589.0502735551,7001637.787003536,,,,,,,,,,,,,,,,F,,,,,59.02,NAP,N,
005420047,00010,00542004700010,O,1900-01-01,NN,,,2024-03-22T15:40:57,true,5,,114,,,,CHS,MARCADE,80100,ABBEVILLE,,,80001,,,,,,,,,,,,,,,,,,,,,,2004-09-24,F,,,,,45.3F,NAFRev1,O,
005420047,00028,00542004700028,O,1973-07-01,NN,,,2024-03-22T15:40:57,false,3,,2,,,,,RIVE DROITE DE LA SOMME,80100,ABBEVILLE,,,80001,,,,,,,,,,,,,,,,,,,,,,2004-09-24,F,,,,,52.4Y,NAFRev1,N,
005420054,00024,00542005400024,O,,NN,,,2024-03-22T15:40:57,true,1,,54,,,,RUE,DES ECOLES,80970,SAILLY-FLIBEAUCOURT,,,80692,,,,,,,,,,,,,,,,,,,,,,1999-08-31,F,,,,,28.6F,NAF1993,O,
005420070,00020,00542007000020,O,,NN,,,2024-03-22T15:40:57,true,1,,2,,,,,VOIE NOUVELLE,80100,ABBEVILLE,,,80001,,,,,,,,,,,,,,,,,,,,,,1987-02-02,F,,,,,70.2C,NAF1993,N,
005420088,00014,00542008800014,O,,NN,,,2024-03-22T15:40:57,true,1,,3,,,,RUE,DES LINGERS,80100,ABBEVILLE,,,80001,,,,,,,,,,,,,,,,,,,,,,1992-06-29,F,,,,,52.4N,NAF1993,N,
005420104,00019,00542010400019,O,1954-01-01,NN,,,2024-03-22T15:40:57,true,5,,13,,,,PL,MAX LEJEUNE,80100,ABBEVILLE,,,80001,,,,,,,,,,,,,,,,,,,,,,2013-12-16,F,,,,,47.71Z,NAFRev2,O,
005420120,00015,00542012000015,O,1989-01-27,01,2023,,2025-12-05T16:45:25,false,4,,,,,,RUE,DE LA FONTAINE,80120,RUE,,,80688,,,,,806880420_B,605361.4086290048,7020443.360403413,,,,,,,,,,,,,,,2008-01-01,A,,,,,10.81Z,NAFRev2,O,10.81Y
005420120,00023,00542012000023,O,1900-01-01,NN,,,2025-12-05T19:32:59,false,4,,12,,,,ROUTE,DE MONTREUIL,62180,RANG-DU-FLIERS,,,62688,,,,,626880420_B,603908.6742656698,7036437.727362791,,,,,,,,,,,,,,,2008-01-01,A,,,,,52.10B,NAFRev2,N,52.10H
005420120,00031,00542012000031,O,1900-01-01,02,2023,,2025-12-05T19:18:13,true,6,,,,,,ROUTE,NATIONALE,62140,MARCONNELLE,,,62550,,,,,625500050_B,629760.27887038,7031222.801711981,,,,,,,,,,,,,,,2008-04-23,A,,,,,70.10Z,NAFRev2,O,70.10Y
005420120,00049,00542012000049,O,1900-01-01,NN,,,2024-03-30T03:44:04,false,6,,,,,,RUE,DE LA GARE,62180,CONCHIL-LE-TEMPLE,,,62233,,,,,622330059_B,604705.0749943635,7030281.973691936,,,,,,,,,,,,,,,2020-12-21,F,,,,,46.75Z,NAFRev2,N,
005420146,00010,00542014600010,O,,NN,,,2024-03-22T15:40:57,true,1,,,,,,PL,DU GENERAL LECLERC,80120,RUE,,,80688,,,,,,,,,,,,,,,,,,,,,,1984-12-25,F,,,,,64.12,NAP,N,
005420153,00016,00542015300016,O,,NN,,,2024-03-22T15:40:57,true,1,,,,,,RUE,MARECHAL FOCH,80100,ABBEVILLE,,,80001,,,,,,,,,,,,,,,,,,,,,,1984-12-25,F,,,,,58.12,NAP,N,
005420187,00014,00542018700014,O,,NN,,,2024-03-22T15:40:57,true,1,,,,,,CHS,D HOCQUET,80100,ABBEVILLE,,,80001,,,,,,,,,,,,,,,,,,,,,,1984-12-25,F,,,,,38.40,NAP,N,
005420195,00033,00542019500033,O,,NN,,,2024-03-22T15:40:57,true,1,,,,,,,AU CHEMIN DE LA RIVIERE,80140,RAMBURES,,,80663,,,,,,,,,,,,,,,,,,,,,,2001-07-31,F,,,,,51.2A,NAF1993,O,
005420245,00010,00542024500010,O,,NN,,,2024-03-30T12:40:17,true,1,,2,,,,BOULEVARD,VAUBAN,80100,ABBEVILLE,,,80001,,,,,800012210_B,616871.3748239464,7001754.900468939,,,,,,,,,,,,,,,1986-07-03,F,,,,,81.21,NAP,N,
005420260,00019,00542026000019,O,1900-01-01,NN,,,2024-03-30T02:52:33,true,3,,,,,,RUE,JOLIOT CURIE,80570,DARGNIES,,,80235,,,,,802350240_B,594288.7735014518,6995038.873381188,,,,,,,,,,,,,,,1991-12-25,F,,,,,20.01,NAP,N,
005420278,00011,00542027800011,O,,NN,,,2024-03-22T15:40:57,true,1,,,,,,,,80270,ALLERY,,,80019,,,,,,,,,,,,,,,,,,,,,,1984-12-25,F,,,,,44.33,NAP,N,
005440011,00012,00544001100012,O,1991-09-30,NN,,,2024-03-30T11:16:39,true,4,LES MARRONNIERS,,,,,AVENUE,DE VERDUN,04000,DIGNE-LES-BAINS,,,04070,,,,,040701680_B,957717.8159985486,6337333.42628869,,,,,,,,,,,,,,,2012-02-02,F,,,,,68.20B,NAFRev2,N,
005440078,00011,00544007800011,O,,NN,,,2024-03-22T15:40:57,true,1,,,,,,,,04370,COLMARS,,,04061,,,,,,,,,,,,,,,,,,,,,,1985-12-25,F,,,,,62.11,NAP,N,
005440110,00038,00544011000038,O,1900-01-01,NN,,,2024-03-30T03:04:38,false,4,,,,,,COURS,PECHINEY,04600,CHATEAU-ARNOUX-SAINT-AUBAN,,,04049,,,,,040490585_B,939798.2952130096,6334834.39187688,,,,,,,,,,,,,,,1995-12-25,F,,,,,52.4T,NAF1993,O,
005440110,00053,00544011000053,O,1991-11-04,NN,,,2024-03-30T03:04:56,false,4,,13,,,,BOULEVARD,GASSENDI,04000,DIGNE-LES-BAINS,,,04070,,,,,040700710_B,958767.0310905599,6337807.654337299,,,,,,,,,,,,,,,1996-12-25,F,,,,,70.2C,NAF1993,N,
005440110,00061,00544011000061,O,1995-10-01,NN,,,2025-12-05T18:00:07,true,3,,6,,,,RUE,FIRMIN GUICHARD,04000,DIGNE-LES-BAINS,,,04070,,,,,040700630_B,958470.4280280268,6337133.430129497,,,,,,,,,,,,,,,2008-01-01,A,,,,,68.20B,NAFRev2,N,68.20H
005440136,00017,00544013600017,O,,NN,,,2024-03-22T15:40:57,true,1,,,,,,,,04500,QUINSON,,,04158,,,,,,,,,,,,,,,,,,,,,,,F,,,,,67.09,NAP,N,
005440185,00014,00544018500014,O,1954-01-01,NN,,,2024-03-22T15:40:57,true,3,,,,,,,,04250,TURRIERS,,,04222,,,,,,,,,,,,,,,,,,,,,,2006-03-01,F,,,,,52.1B,NAFRev1,N,
005440219,00011,00544021900011,O,,NN,,,2024-03-22T15:40:57,true,1,,,,,,,,04210,VALENSOLE,,,04230,,,,,,,,,,,,,,,,,,,,,,1984-12-25,F,,,,,00.97,NAP,N,
005440235,00017,00544023500017,O,,NN,,,2024-03-22T15:40:57,true,1,,,,,,,,04170,THORAME-BASSE,,,04218,,,,,,,,,,,,,,,,,,,,,,1984-12-25,F,,,,,60.01,NAP,N,
005440409,00018,00544040900018,O,,NN,,,2024-03-30T07:16:30,true,1,,,,,,RUE,CHAPUZIE,04200,SISTERON,,,04209,,,,,042090230_B,935378.516026363,6348611.493909222,,,,,,,,,,,,,,,1984-12-25,F,,,,,64.46,NAP,N,
005440508,00017,00544050800017,O,,NN,,,2024-03-30T17:33:59,true,1,,,,,,RTE,NEUVE,04160,CHATEAU ARNOUX SAINT AUBAN,,,04049,,,,,040490530_C,,,,,,,,,,,,,,,,,1991-12-31,F,,,,,57.08,NAP,N,
005440557,00014,00544055700014,O,,NN,,,2024-03-30T09:51:49,true,1,,,,,,PLACE,DES RECOLLETS,04000,DIGNE-LES-BAINS,,,04070,,,,,04070v0om9q_B,959339.4769408583,6337857.147596054,,,,,,,,,,,,,,,1984-12-25,F,,,,,00.97,NAP,N,
005440565,00017,00544056500017,O,1954-01-01,NN,,,2024-03-30T12:23:31,true,4,,,,,,PLACE,DU GENERAL DE GAULLE,04200,SISTERON,,,04209,,,,,042090648_B,935232.2103834725,6348453.166222636,,,,,,,,,,,,,,,2014-12-25,F,,,,,68.20B,NAFRev2,N,
005440649,00019,00544064900019,O,,NN,,,2024-03-22T15:40:57,true,1,,,,,,RUE,LOGIS,04800,SAINT-MARTIN-DE-BROMES,,,04189,,,,,,,,,,,,,,,,,,,,,,1988-09-30,F,,,,,62.11,NAP,N,
005440672,00011,00544067200011,O,,NN,,,2024-03-22T15:40:57,true,1,,,,,,,,04120,CASTELLANE,,,04039,,,,,,,,,,,,,,,,,,,,,,1984-12-25,F,,,,,00.97,NAP,N,
005440698,00016,00544069800016,O,,NN,,,2024-03-22T15:40:57,true,1,,,,,,,,04370,COLMARS,,,04061,,,,,,,,,,,,,,,,,,,,,,1984-12-25,F,,,,,67.07,NAP,N,
005440722,00014,00544072200014,O,,NN,,,2024-03-22T15:40:57,true,1,,,,,,,,04120,CASTELLANE,,,04039,,,,,,,,,,,,,,,,,,,,,,1984-12-25,F,,,,,00.10,NAP,N,
005440755,00014,00544075500014,O,,NN,,,2024-03-22T15:40:57,true,1,,,,,,,,04190,LES MEES,,,04116,,,,,,,,,,,,,,,,,,,,,,1984-12-25,F,,,,,64.11,NAP,N,
005440789,00013,00544078900013,O,,NN,,,2024-03-22T15:40:57,true,1,,,,,,,,04530,LA CONDAMINE-CHATELARD,,,04062,,,,,,,,,,,,,,,,,,,,,,1984-12-25,F,,,,,62.11,NAP,N,
005440797,00016,00544079700016,O,,NN,,,2024-03-22T15:40:57,true,1,,,,,,,,04700,ORAISON,,,04143,,,,,,,,,,,,,,,,,,,,,,,F,,,,,60.07,NAP,N,
005440813,00029,00544081300029,O,,NN,,,2024-03-22T15:40:57,true,1,,,,,,,LE FOREST DE BAYONS,04250,LA MOTTE-DU-CAIRE,,,04134,,,,,,,,,,,,,,,,,,,,,,1989-12-31,F,,,,,55.3A,NAF1993,N,
005440847,00019,00544084700019,O,,NN,,,2024-03-22T15:40:57,true,1,,,,,,,,04140,VERDACHES,,,04235,,,,,,,,,,,,,,,,,,,,,,1984-12-25,F,,,,,69.22,NAP,N,
005440904,00018,00544090400018,O,,NN,,,2024-03-22T15:40:57,true,1,,,,,,HAM,LES BAUMES,04200,MISON,,,04123,,,,,,,,,,,,,,,,,,,,,,1984-12-25,F,,,,,00.97,NAP,N,
005440938,00016,00544093800016,O,,NN,,,2024-03-22T15:40:57,true,1,,,,,,,,04200,MISON,,,04123,,,,,,,,,,,,,,,,,,,,,,,F,,,,,01.80,NAP,N,
005440987,00013,00544098700013,O,,NN,,,2024-03-22T15:40:57,true,1,,,,,,,,04500,MONTAGNAC-MONTPEZAT,,,04124,,,,,,,,,,,,,,,,,,,,,,1984-12-25,F,,,,,00.97,NAP,N,
005441027,00017,00544102700017,O,,NN,,,2024-03-22T15:40:57,true,1,,,,,,RUE,NEUVE,04140,SEYNE,,,04205,,,,,,,,,,,,,,,,,,,,,,1984-12-25,F,,,,,00.97,NAP,N,
005441035,00010,00544103500010,O,,NN,,,2024-03-30T15:12:35,true,1,,18,,,,RUE,PIED DE VILLE,04000,DIGNE-LES-BAINS,,,04070,,,,,040701250_B,958935.9194995185,6337771.873255632,,,,,,,,,,,,,,,1995-06-30,F,,,,,52.1B,NAF1993,N,
005441043,00014,00544104300014,O,1954-01-01,NN,,,2024-03-29T23:57:12,true,4,,5,,,,BOULEVARD,VICTOR HUGO,04000,DIGNE-LES-BAINS,,,04070,,,,,040701690_B,959040.2709690101,6338113.864861579,,,,,,,,,,,,,,,2008-01-01,F,,,,,68.20B,NAFRev2,N,
005441068,00011,00544106800011,O,,NN,,,2024-03-22T15:40:57,true,1,,,,,,RUE,LT BLONDEAU,04120,CASTELLANE,,,04039,,,,,,,,,,,,,,,,,,,,,,1989-12-31,F,,,,,38.40,NAP,N,
005441134,00011,00544113400011,O,,NN,,,2024-03-30T13:15:41,true,1,,42,,,,RUE,MANUEL,04400,BARCELONNETTE,,,04019,,,,,040190340_B,990743.8967252749,6372053.417994357,,,,,,,,,,,,,,,1992-11-30,F,,,,,52.1J,NAF1993,N,
005441159,00018,00544115900018,O,,NN,,,2024-03-22T15:40:57,true,1,,,,,,QUAI,SAINT AUBAN,04160,CHATEAU-ARNOUX-SAINT-AUBAN,,,04049,,,,,,,,,,,,,,,,,,,,,,1984-12-25,F,,,,,00.97,NAP,N,
005441191,00029,00544119100029,O,,NN,,,2024-03-30T04:09:11,true,1,,,,,,ALLEE,DES ERABLES,04160,CHATEAU-ARNOUX-SAINT-AUBAN,,,04049,,,,,040490295_B,940923.0737534685,6338142.966193407,,,,,,,,,,,,,,,1985-12-25,F,,,,,62.41,NAP,N,
005441233,00011,00544123300011,O,,NN,,,2024-03-22T15:40:57,true,1,,,,,,,,04370,COLMARS,,,04061,,,,,,,,,,,,,,,,,,,,,,1984-12-25,F,,,,,67.04,NAP,N,
005441241,00014,00544124100014,O,,NN,,,2024-03-22T15:40:57,true,1,,,,,,QUAI,PLANTIERS,04200,SISTERON,,,04209,,,,,,,,,,,,,,,,,,,,,,1984-12-25,F,,,,,69.11,NAP,N,
005441266,00011,00544126600011,O,,NN,,,2024-03-22T15:40:57,true,1,,,,,,,,04270,ESTOUBLON,,,04084,,,,,,,,,,,,,,,,,,,,,,1984-12-25,F,,,,,00.97,NAP,N,
005441316,00014,00544131600014,O,,NN,,,2024-03-22T15:40:57,true,1,,,,,,,,04240,ANNOT,,,04008,,,,,,,,,,,,,,,,,,,,,,1984-12-25,F,,,,,38.50,NAP,N,
005441357,00018,00544135700018,O,,NN,,,2024-03-22T15:40:57,true,1,,,,,,,,04190,LES MEES,,,04116,,,,,,,,,,,,,,,,,,,,,,1984-12-25,F,,,,,00.97,NAP,N,
005441365,00011,00544136500011,O,,NN,,,2024-03-30T09:29:07,true,1,,4,,,,PL,DU MARCHE,04000,DIGNE-LES-BAINS,,,04070,,,,,040701020_C,,,,,,,,,,,,,,,,,1990-05-02,F,,,,,58.11,NAP,N,
005441373,00015,00544137300015,O,,NN,,,2024-03-22T15:40:57,true,1,,,,,,,,04360,MOUSTIERS-SAINTE-MARIE,,,04135,,,,,,,,,,,,,,,,,,,,,,1987-06-10,F,,,,,81.21,NAP,N,
005441399,00010,00544139900010,O,,NN,,,2024-03-22T15:40:57,true,1,,,,,,,,04170,LA MURE-ARGENS,,,04136,,,,,,,,,,,,,,,,,,,,,,1989-03-11,F,,,,,69.12,NAP,N,
005441407,00011,00544140700011,O,,NN,,,2024-03-30T08:19:11,true,1,,,,,,RUE,BASSE,04140,SEYNE,,,04205,,,,,042050026_C,,,,,,,,,,,,,,,,,1992-12-31,F,,,,,93.0D,NAF1993,N,
005441449,00013,00544144900013,O,,NN,,,2024-03-22T15:40:57,true,1,,,,,,,,04800,GREOUX-LES-BAINS,,,04094,,,,,,,,,,,,,,,,,,,,,,1984-12-25,F,,,,,00.97,NAP,N,
005441548,00012,00544154800012,O,,NN,,,2024-03-30T09:21:03,true,1,,39,,,,RUE,DE L'HUBAC,04000,DIGNE-LES-BAINS,,,04070,,,,,040700870_B,959019.3230246742,6337913.291135602,,,,,,,,,,,,,,,,F,,,,,64.49,NAP,N,
005441589,00016,00544158900016,O,,NN,,,2024-03-22T15:40:57,true,1,,,,,,PL,DR ITARD,04700,ORAISON,,,04143,,,,,,,,,,,,,,,,,,,,,,1990-06-08,F,,,,,59.08,NAP,N,
005441597,00019,00544159700019,O,,NN,,,2024-03-30T05:42:32,true,1,,,,,,BOULEVARD,GASSENDI,04000,DIGNE-LES-BAINS,,,04070,,,,,040700710_B,959158.658725575,6338041.102798583,,,,,,,,,,,,,,,1985-12-25,F,,,,,64.45,NAP,N,
005441613,00014,00544161300014,O,,NN,,,2024-03-22T15:40:57,true,1,,,,,,,,04160,CHATEAU-ARNOUX-SAINT-AUBAN,,,04049,,,,,,,,,,,,,,,,,,,,,,1984-12-25,F,,,,,62.44,NAP,N,
005441621,00017,00544162100017,O,,NN,,,2024-03-22T15:40:57,true,1,,,,,,,,04700,PUIMICHEL,,,04156,,,,,,,,,,,,,,,,,,,,,,1984-12-25,F,,,,,00.97,NAP,N,
005441662,00011,00544166200011,O,,NN,,,2024-03-30T02:53:52,true,1,,,,,,PLACE,DU MARCHE,04210,VALENSOLE,,,04230,,,,,042300220_B,939884.0538555554,6308740.752985879,,,,,,,,,,,,,,,1985-12-25,F,,,,,62.11,NAP,N,
005450010,00011,00545001000011,O,,NN,,,2024-03-22T15:40:57,true,1,,,,,,,,04160,CHATEAU-ARNOUX-SAINT-AUBAN,,,04049,,,,,,,,,,,,,,,,,,,,,,1984-12-25,F,,,,,00.97,NAP,N,
005450051,00015,00545005100015,O,,NN,,,2024-03-22T15:40:57,true,1,,,,,,QUAI,DE LA BONNETTE,04000,DIGNE-LES-BAINS,,,04070,,,,,,,,,,,,,,,,,,,,,,1984-12-25,F,,,,,00.97,NAP,N,
005450093,00017,00545009300017,O,1900-01-01,NN,,,2024-03-22T15:40:57,false,4,,5,,,,ALL,L GARDIOL,04500,RIEZ,,,04166,,,,,,,,,,,,,,,,,,,,,,2001-02-20,F,,,,,60.2B,NAF1993,O,
005450093,00025,00545009300025,O,1991-01-01,NN,,,2024-03-22T15:40:57,false,4,,,,,,QUAI,STE ANNE,04500,RIEZ,,,04166,,,,,,,,,,,,,,,,,,,,,,2010-12-31,F,,,,,45.20A,NAFRev2,N,
005450093,00033,00545009300033,O,2001-02-20,NN,,,2025-12-05T22:13:57,true,9,LE PASSY,,,,,AVENUE,DES THERMES,04800,GREOUX-LES-BAINS,,,04094,,,,,040940265_B,932925.206722315,6299701.38983598,,,,,,,,,,,,,,,2024-08-01,A,PASSIONNEMENT GLAMOUR,,,PASSIONNEMENT GLAMOUR,77.11A,NAFRev2,N,77.11Y
005450093,00041,00545009300041,O,2011-04-12,NN,,,2024-03-30T02:10:01,false,2,,36,,,,RUE,GRANDE,04800,GREOUX-LES-BAINS,,,04094,,,,,040940101_B,932197.0599565107,6299741.135202246,,,,,,,,,,,,,,,2022-02-15,F,PASSIONNEMENT GLAMOUR,,,PASSIONNEMENT GLAMOUR,47.71Z,NAFRev2,O,
005450093,00058,00545009300058,O,2015-02-01,NN,,,2024-03-30T02:18:06,false,3,,27,,,,RUE,GRANDE,04800,GREOUX-LES-BAINS,,,04094,,,,,040940101_B,932214.9164183927,6299744.345233857,,,,,,,,,,,,,,,2016-12-31,F,,,,,47.71Z,NAFRev2,O,
005450101,00026,00545010100026,O,,NN,,,2024-03-22T15:40:57,true,1,,4,,,,BD,LA FERRAGE,13860,PEYROLLES-EN-PROVENCE,,,13074,,,,,,,,,,,,,,,,,,,,,,1988-09-26,F,,,,,18.11,NAP,N,
005450119,00010,00545011900010,O,1986-03-24,NN,,,2024-03-22T15:40:57,false,4,,63,,,,BD,GASSENDI,04000,DIGNE-LES-BAINS,,,04070,,,,,,,,,,,,,,,,,,,,,,1994-12-25,F,LE GRAND CAFE,,,,92.3H,NAF1993,O,
005450119,00028,00545011900028,O,1994-05-01,NN,,,2024-03-22T15:40:57,true,4,ROUTE DE MARSEILLE,,,,,,SAINT CHRISTOPHE,04000,DIGNE-LES-BAINS,,,04070,,,,,,,,,,,,,,,,,,,,,,2021-12-01,F,,,,,70.10Z,NAFRev2,N,
005450119,00036,00545011900036,O,1994-05-01,NN,,,2024-03-22T15:40:57,false,7,,3,,,,BD,GASSENDI,04000,DIGNE-LES-BAINS,,,04070,,,,,,,,,,,,,,,,,,,,,,2021-12-01,F,,,,,56.30Z,NAFRev2,N,
005470018,00010,00547001800010,O,,NN,,,2024-03-30T11:33:20,true,1,,,,,,AVENUE,DU MARCHE,44500,LA BAULE-ESCOUBLAC,,,44055,,,,,440552280_B,292548.0182730965,6701155.909846965,,,,,,,,,,,,,,,1985-12-25,F,,,,,55.40,NAP,N,
005470075,00010,00547007500010,O,,NN,,,2024-03-30T05:39:31,true,1,,13,,,,RUE,DU CENTRE,44510,LE POULIGUEN,,,44135,,,,,441350320_B,289902.2857447196,6700376.200751204,,,,,,,,,,,,,,,1984-12-25,F,,,,,67.08,NAP,N,
005470190,00017,00547019000017,O,,NN,,,2024-03-30T03:48:16,true,1,,,,,,RUE,DE KERVENEL,44490,LE CROISIC,,,44049,,,,,44049dn1fdp_B,283628.42302360316,6702149.455128196,,,,,,,,,,,,,,,1984-12-25,F,,,,,69.12,NAP,N,
005470208,00017,00547020800017,O,,NN,,,2024-03-30T06:33:38,true,1,,105,,,,AVENUE,DE LA REPUBLIQUE,44600,SAINT-NAZAIRE,,,44184,,,,,441845330_B,306394.8671315011,6700080.851396272,,,,,,,,,,,,,,,2000-02-05,F,,,,,64.11,NAP,N,
005470430,00017,00547043000017,O,,NN,,,2024-03-30T07:42:53,true,1,,2,,,,RUE,CHARLES BRUNELIERE,44570,TRIGNAC,,,44210,,,,,442100120_B,308393.95567861426,6703588.391542487,,,,,,,,,,,,,,,,F,,,,,62.43,NAP,N,
005470455,00014,00547045500014,O,,NN,,,2024-03-22T15:40:57,true,1,,,,,,LD,LA BOSSE,44500,LA BAULE-ESCOUBLAC,,,44055,,,,,,,,,,,,,,,,,,,,,,1984-12-25,F,,,,,62.41,NAP,N,
005470489,00013,00547048900013,O,,NN,,,2024-03-22T15:40:57,true,1,,,,,,LD,LE PONT DENYON,44480,DONGES,,,44052,,,,,,,,,,,,,,,,,,,,,,1984-12-25,F,,,,,86.06,NAP,N,
005470620,00013,00547062000013,O,,NN,,,2024-03-30T10:13:57,true,1,,17,,,,RUE,DES CHANTIERS,44600,SAINT-NAZAIRE,,,44184,,,,,441840940_B,307738.5838792672,6700710.666355408,,,,,,,,,,,,,,,1993-03-31,F,,,,,55.4B,NAF1993,N,
005470653,00014,00547065300014,O,,NN,,,2024-03-30T15:24:01,true,1,,23,,,,BOULEVARD,LEON GAMBETTA,44600,SAINT-NAZAIRE,,,44184,,,,,441843760_B,305853.26264148514,6699307.348620462,,,,,,,,,,,,,,,1993-08-16,F,,,,,52.1B,NAF1993,N,
005470927,00020,00547092700020,O,,NN,,,2024-03-29T22:56:47,true,1,,,,,,AVENUE,DE LA FORET,44300,NANTES,,,44109,,,,,441093215_B,353972.1143382263,6692565.270608051,,,,,,,,,,,,,,,1984-12-25,F,,,,,64.14,NAP,N,
005470943,00019,00547094300019,O,,NN,,,2024-03-22T15:40:57,true,1,,,,,,,,44130,BLAIN,,,44015,,,,,,,,,,,,,,,,,,,,,,1984-12-25,F,,,,,58.03,NAP,N,
005470984,00013,00547098400013,O,,NN,,,2024-03-30T15:50:20,true,1,,,,,,AVENUE,DE VERA CRUZ,44600,SAINT-NAZAIRE,,,44184,,,,,441845800_B,306140.70462324616,6698577.42685419,,,,,,,,,,,,,,,1984-12-25,F,,,,,40.32,NAP,N,
005471065,00010,00547106500010,O,,NN,,,2024-03-22T15:40:57,true,1,,1,,,,PL,DU GENERAL D ARGENCE,44410,HERBIGNAC,,,44072,,,,,,,,,,,,,,,,,,,,,,1987-12-31,F,,,,,67.04,NAP,N,
005471115,00013,00547111500013,O,,NN,,,2024-03-30T02:42:34,true,1,,45,,,,RUE,DE LA PAIX ET DES ARTS,44600,SAINT-NAZAIRE,,,44184,,,,,441844540_B,306149.10523761663,6699324.404477936,,,,,,,,,,,,,,,,F,,,,,64.11,NAP,N,
005471214,00014,00547121400014,O,,NN,,,2024-03-30T08:38:06,true,1,,8,,,,PLACE,DE L’HOTEL DE VILLE,44260,SAVENAY,,,44195,,,,,441950660_B,327098.0013590085,6707133.285121897,,,,,,,,,,,,,,,,F,,,,,64.11,NAP,N,
005471420,00017,00547142000017,O,,NN,,,2024-03-30T18:36:21,true,1,,,,,,BOULEVARD,DE VERDUN,44600,SAINT-NAZAIRE,,,44184,,,,,441845810_B,306828.21107671177,6698638.8800582895,,,,,,,,,,,,,,,1984-12-25,F,,,,,62.11,NAP,N,
005471438,00019,00547143800019,O,,NN,,,2024-03-30T07:49:25,true,1,,,,,,,BEAULIEU,44160,PONTCHATEAU,,,44129,,,,,44129ciepmr_B,313898.17020227696,6718070.814776202,,,,,,,,,,,,,,,1995-08-31,F,,,,,70.2C,NAF1993,N,
005471495,00019,00547149500019,O,,NN,,,2024-03-30T08:34:52,true,1,,,,,,RUE,DE VERDUN,44260,SAVENAY,,,44195,,,,,441951500_B,327253.43211430515,6707121.428677546,,,,,,,,,,,,,,,1985-12-25,F,,,,,55.72,NAP,N,
005471578,00012,00547157800012,O,,NN,,,2024-03-22T15:40:57,true,1,,,,,,PL,DE L EGLISE,44130,LE GAVRE,,,44062,,,,,,,,,,,,,,,,,,,,,,1987-09-30,F,,,,,67.04,NAP,N,
005471594,00019,00547159400019,O,,NN,,,2024-03-30T04:55:56,true,1,,,,,,PLACE,DE L'EGLISE,44530,GUENROUET,,,44068,,,,,440680054_B,327387.940368498,6724928.080642659,,,,,,,,,,,,,,,1984-12-25,F,,,,,38.40,NAP,N,
005471602,00010,00547160200010,O,,NN,,,2024-03-29T23:57:03,true,1,,,,,,RUE,DE PORNICHET,44600,SAINT-NAZAIRE,,,44184,,,,,441845040_B,305316.858968562,6698272.37869516,,,,,,,,,,,,,,,1985-12-25,F,,,,,81.21,NAP,N,
005471628,00015,00547162800015,O,,NN,,,2024-03-30T09:59:12,true,1,,22,,,,RUE,GREGOIRE ORAIN,44460,FEGREAC,,,44057,,,,,440570048_B,321072.4128862464,6732543.074858731,,,,,,,,,,,,,,,1992-06-30,F,,,,,85.1J,NAF1993,N,
005471685,00015,00547168500015,O,,NN,,,2024-03-30T13:17:38,true,1,,,,,,ROUTE,DE NANTES,44160,PONTCHATEAU,,,44129,,,,,441290380_B,316974.18278246047,6715902.910880926,,,,,,,,,,,,,,,1984-12-25,F,,,,,67.08,NAP,N,
005471743,00012,00547174300012,O,,NN,,,2024-03-30T10:10:08,true,1,,,,,,AVENUE,DE LA REPUBLIQUE,44600,SAINT-NAZAIRE,,,44184,,,,,441845330_B,306283.95956953056,6699592.571782289,,,,,,,,,,,,,,,1984-12-25,F,,,,,64.12,NAP,N,
005471768,00019,00547176800019,O,,NN,,,2024-03-30T00:32:30,true,1,,,,,,AVENUE,DES IBIS,44500,LA BAULE-ESCOUBLAC,,,44055,,,,,440551760_B,292486.80545280117,6701131.595625649,,,,,,,,,,,,,,,1984-12-25,F,,,,,40.32,NAP,N,
005471784,00016,00547178400016,O,,NN,,,2024-03-22T15:40:57,true,1,,,,,,RUE,HOTEL VILLE,44290,GUEMENE-PENFAO,,,44067,,,,,,,,,,,,,,,,,,,,,,1988-08-31,F,,,,,15.8C,NAF1993,N,
005471800,00010,00547180000010,O,1900-01-01,NN,,,2024-03-30T18:00:20,false,4,,145,,,,AVENUE,DU GENERAL DE GAULLE,44500,LA BAULE-ESCOUBLAC,,,44055,,,,,440551380_B,292786.6751624995,6701236.895262786,,,,,,,,,,,,,,,1997-04-30,F,LA BAULE AMEUBLEMENT,,,,52.4H,NAF1993,N,
005471800,00028,00547180000028,O,1900-01-01,NN,,,2024-03-30T18:00:20,true,4,,,,,,ROUTE,DE LA BAULE,44350,GUERANDE,,,44069,,,,,440690166_B,291880.56220300717,6702461.229644594,,,,,,,,,,,,,,,2016-12-25,F,,,,,68.20B,NAFRev2,N,
005471842,00012,00547184200012,O,,NN,,,2024-03-22T15:40:57,true,1,,,,,,PL,ABB CORBILLE,44130,BOUVRON,,,44023,,,,,,,,,,,,,,,,,,,,,,,F,,,,,62.44,NAP,N,
005471891,00019,00547189100019,O,,NN,,,2024-03-22T15:40:57,true,1,,,,,,,ESP BENOIT,44500,LA BAULE-ESCOUBLAC,,,44055,,,,,,,,,,,,,,,,,,,,,,1984-12-25,F,,,,,62.46,NAP,N,
005471941,00012,00547194100012,O,,NN,,,2024-03-30T14:19:50,true,1,,,,,,AVENUE,DONIZETTI,44500,LA BAULE-ESCOUBLAC,,,44055,,,,,440551070_B,294633.59831421165,6700352.106814397,,,,,,,,,,,,,,,1984-12-25,F,,,,,65.06,NAP,N,
005471958,00016,00547195800016,O,,NN,,,2024-03-30T10:51:27,true,1,,15,,,,AVENUE,GEORGES CLEMENCEAU,44500,LA BAULE-ESCOUBLAC,,,44055,,,,,440551440_B,292936.55668401974,6701348.119064698,,,,,,,,,,,,,,,1988-09-30,F,,,,,67.08,NAP,N,
005472014,00017,00547201400017,O,,NN,,,2024-03-30T10:42:25,true,1,,,,,,ROUTE,DE VANNES,44160,PONTCHATEAU,,,44129,,,,,441290590_B,315750.5220757051,6716708.7563100085,,,,,,,,,,,,,,,1984-12-25,F,,,,,65.03,NAP,N,
005472022,00028,00547202200028,O,,NN,,,2024-03-30T12:29:23,true,1,,,,,,BOULEVARD,DES OCEANIDES,44380,PORNICHET,,,44132,,,,,441321040_B,295971.26717918064,6698886.544072039,,,,,,,,,,,,,,,1987-07-09,F,,,,,86.09,NAP,N,
005472063,00014,00547206300014,O,,NN,,,2024-03-30T15:09:55,true,1,,163,B,,,,MAYUN,44410,LA CHAPELLE DES MARAIS,,,44030,,,,,44030B215_C,,,,,,,,,,,,,,,,,1990-06-30,F,,,,,54.08,NAP,N,
005472238,00020,00547223800020,O,1900-01-01,NN,,,2024-03-30T02:14:23,true,3,,,,,,,LE BOURG,44630,PLESSE,,,44128,,,,,44128B440_C,,,,,,,,,,,,,,,,,2006-06-30,F,,,,,70.2C,NAFRev1,N,
005472253,00011,00547225300011,O,,NN,,,2024-03-30T03:36:36,true,1,,276,,,,AVENUE,DU MARECHAL DE LATTRE DE TASSIGNY,44500,LA BAULE-ESCOUBLAC,,,44055,,,,,440552290_B,291433.38609329093,6700937.119264602,,,,,,,,,,,,,,,,F,,,,,67.08,NAP,N,
005472261,00014,00547226100014,O,,NN,,,2024-03-30T03:23:45,true,1,,,,,,,LA VILLES DAVAUD,44380,PORNICHET,,,44132,,,,,44132B294_C,,,,,,,,,,,,,,,,,1996-09-30,F,,,,,37.2Z,NAF1993,N,
005472683,00019,00547268300019,O,,NN,,,2024-03-22T15:40:57,true,1,,,,,,,BOURG,44530,SAINT-GILDAS-DES-BOIS,,,44161,,,,,,,,,,,,,,,,,,,,,,1984-12-25,F,,,,,67.04,NAP,N,
005472857,00019,00547285700019,O,,NN,,,2024-03-22T15:40:57,true,1,,,,,,,BOURG,44160,SAINTE-ANNE-SUR-BRIVET,,,44152,,,,,,,,,,,,,,,,,,,,,,1990-03-27,F,,,,,22.01,NAP,N,
005472873,00016,00547287300016,O,,NN,,,2024-03-29T23:34:26,true,1,,,,,,AVENUE,DE MAZY,44380,PORNICHET,,,44132,,,,,441320850_B,295847.63633998524,6699372.0035872385,,,,,,,,,,,,,,,1984-12-25,F,,,,,62.43,NAP,N,
005472980,00019,00547298000019,O,1954-01-01,NN,,,2025-12-05T15:51:06,true,6,,,,,,,BOURG,44360,CORDEMAIS,,,44045,,,,,,,,,,,,,,,,,,,,,,2008-01-01,A,,,,,68.20B,NAFRev2,N,68.20H
005473020,00013,00547302000013,O,,NN,,,2024-03-30T12:54:07,true,1,,10,,,,BOULEVARD,DE COURCELLES,44290,GUEMENE-PENFAO,,,44067,,,,,440670080_B,337288.9759987456,6736748.026184647,,,,,,,,,,,,,,,,F,,,,,55.71,NAP,N,
005473152,00048,00547315200048,O,1998-01-01,NN,,,2024-03-30T08:55:50,true,1,,3,,,,ALLEE,DE LA COLLE LONGUE,06270,VILLENEUVE-LOUBET,,,06161,,,,,06161o02y_B,1032535.3881801125,6290859.846819881,,,,,,,,,,,,,,,2001-10-04,F,,,,,70.2A,NAF1993,N,
005473202,00017,00547320200017,O,1900-01-01,NN,,,2024-03-30T07:06:26,false,4,,2,,,,PLACE,ARISTIDE BRIAND,44220,COUERON,,,44047,,,,,440470090_B,342357.7047415766,6689653.647185144,,,,,,,,,,,,,,,1992-12-25,F,,,,,52.2C,NAF1993,N,
005473202,00025,00547320200025,O,1992-05-01,NN,,,2024-03-30T06:16:50,true,4,,5,,,,RUE,DU DOCTEUR JANVIER,44220,COUERON,,,44047,,,,,440470790_B,342539.9063222302,6689643.395169584,,,,,,,,,,,,,,,2020-12-25,F,,,,,68.20B,NAFRev2,N,
005473244,00027,00547324400027,O,,NN,,,2024-03-30T12:41:03,true,1,,40,B,,,AVENUE,GEORGES CLEMENCEAU,44380,PORNICHET,,,44132,,,,,441320580_B,296601.2572192848,6698990.585844999,,,,,,,,,,,,,,,1997-12-29,F,,,,,70.2C,NAF1993,N,
005473285,00012,00547328500012,O,,NN,,,2024-03-22T15:40:57,true,1,,29,,,,RUE,DU MAINE,44600,SAINT-NAZAIRE,,,44184,,,,,,,,,,,,,,,,,,,,,,1993-09-30,F,,,,,52.4Z,NAF1993,N,
005473327,00012,00547332700012,O,,NN,,,2024-03-30T14:46:48,true,1,,8,,,,QUAI,DE LA PETITE CHAMBRE,44490,LE CROISIC,,,44049,,,,,440492940_B,283868.1461678116,6702751.03291358,,,,,,,,,,,,,,,,F,,,,,57.07,NAP,N,
005473418,00019,00547341800019,O,1954-01-01,NN,,,2024-03-22T15:40:57,true,3,,,,,,LD,VILLE BERTHE,44460,FEGREAC,,,44057,,,,,,,,,,,,,,,,,,,,,,2006-05-09,F,,,,,70.2C,NAFRev1,N,
005473442,00019,00547344200019,O,,NN,,,2024-03-29T23:33:34,true,1,,,,,,ROUTE,DE LA COTE D'AMOUR,44600,SAINT-NAZAIRE,,,44184,,,,,441841325_B,302466.23704354063,6697433.373345453,,,,,,,,,,,,,,,1984-12-25,F,,,,,64.30,NAP,N,
005473822,00038,00547382200038,O,,NN,,,2024-03-22T15:40:57,true,1,,,,,,IMP,STE ELISABETH,44260,SAVENAY,,,44195,,,,,,,,,,,,,,,,,,,,,,,F,,,,,35.01,NAP,N,
005473921,00012,00547392100012,O,,NN,,,2024-03-29T23:09:19,true,1,,88,,,,AVENUE,DE LA REPUBLIQUE,44600,SAINT-NAZAIRE,,,44184,,,,,441845330_B,306355.3030973132,6699826.087317508,,,,,,,,,,,,,,,,F,,,,,64.11,NAP,N,
005473939,00014,00547393900014,O,,NN,,,2024-03-30T05:02:06,true,1,,,,,,RUE,DU TRAICT,44490,LE CROISIC,,,44049,,,,,44049vosx1m_B,284014.06987687974,6702408.670803205,,,,,,,,,,,,,,,1984-12-25,F,,,,,87.06,NAP,N,
005473988,00011,00547398800011,O,,NN,,,2024-03-22T15:40:57,true,1,,,,,,,Q ST PIERRE,44420,LA TURBALLE,,,44211,,,,,,,,,,,,,,,,,,,,,,1984-12-25,F,,,,,67.08,NAP,N,
005474200,00010,00547420000010,O,,NN,,,2024-03-30T06:44:42,true,1,,,,,,AVENUE,DE LA MONNERAYE,44410,HERBIGNAC,,,44072,,,,,44072xsxqxt_B,300000.3179235744,6718904.935016601,,,,,,,,,,,,,,,1988-06-01,F,,,,,69.12,NAP,N,
005474440,00012,00547444000012,O,1954-01-01,NN,,,2024-03-29T22:43:51,true,4,,31,,,,BOULEVARD,DE LA LIBERATION,44360,SAINT-ETIENNE-DE-MONTLUC,,,44158,,,,,441580920_B,338692.1084588623,6697368.7486903835,,,,,,,,,,,,,,,2003-08-31,F,,,,,70.2C,NAFRev1,N,
005474481,00016,00547448100016,O,,NN,,,2024-03-30T16:24:28,true,1,,71,,,,AVENUE,ALBERT DE MUN,44600,SAINT-NAZAIRE,,,44184,,,,,441840060_B,306148.406870245,6699499.450555428,,,,,,,,,,,,,,,,F,,,,,81.21,NAP,N,
005474507,00018,00547450700018,O,,NN,,,2024-03-30T17:33:20,true,1,,,,,,ALL,DES PETRELS,44500,LA BAULE-ESCOUBLAC,,,44055,,,,,440552895_C,,,,,,,,,,,,,,,,,1984-12-25,F,,,,,87.01,NAP,N,
005474564,00019,00547456400019,O,,NN,,,2024-03-30T11:51:37,true,1,,,,,,BOULEVARD,DE LA LIBERATION,44220,COUERON,,,44047,,,,,440471356_B,345203.726258696,6689843.243382644,,,,,,,,,,,,,,,1984-12-25,F,,,,,67.04,NAP,N,
005474598,00017,00547459800017,O,,NN,,,2024-03-30T05:38:34,true,1,,8,,,,AVENUE,DES PINS,44380,PORNICHET,,,44132,,,,,441321170_B,298120.2189491972,6696501.84441494,,,,,,,,,,,,,,,1993-08-31,F,,,,,55.3A,NAF1993,N,
005474630,00018,00547463000018,O,,NN,,,2024-03-30T01:46:17,true,1,,32,,,,AVENUE,DU GENERAL DE GAULLE,44600,SAINT-NAZAIRE,,,44184,,,,,441842457_B,306377.5955527744,6698952.8450734345,,,,,,,,,,,,,,,1994-06-29,F,,,,,70.2C,NAF1993,N,
005474747,00010,00547474700010,O,,NN,,,2024-03-22T15:40:57,true,1,,,,,,LD,LE DRESNY,44630,PLESSE,,,44128,,,,,,,,,,,,,,,,,,,,,,,F,,,,,55.71,NAP,N,
005474770,00012,00547477000012,O,,NN,,,2024-03-29T23:53:02,true,1,,,,,,RUE,DE TRIGNAC,44600,SAINT-NAZAIRE,,,44184,,,,,441845740_B,308184.0995895065,6701343.809914322,,,,,,,,,,,,,,,1984-12-25,F,,,,,67.04,NAP,N,
005474945,00010,00547494500010,O,,NN,,,2024-03-22T15:40:57,true,1,,,,,,RTE,ROUTE DE ST GILDAS,44530,GUENROUET,,,44068,,,,,,,,,,,,,,,,,,,,,,,F,,,,,67.08,NAP,N,
005474960,00019,00547496000019,O,1954-01-01,NN,,,2024-03-30T17:25:19,true,5,,86,,,,RUE,JEAN GUTENBERG,44600,SAINT-NAZAIRE,,,44184,,,,,441843330_B,304797.26355242013,6699841.54578681,,,,,,,,,,,,,,,2022-10-04,F,,,,,68.20B,NAFRev2,N,
005475215,00017,00547521500017,O,,NN,,,2024-03-22T15:40:57,true,1,,,,,,LD,LANCE,44630,PLESSE,,,44128,,,,,,,,,,,,,,,,,,,,,,,F,,,,,67.04,NAP,N,
005475314,00018,00547531400018,O,,NN,,,2024-03-30T08:09:40,true,1,,1,,,,RUE,DE LA GARE,44510,LE POULIGUEN,,,44135,,,,,441350505_B,289786.35121007724,6700765.649276841,,,,,,,,,,,,,,,,F,,,,,67.07,NAP,N,
005480066,00124,00548006600124,O,1994-06-29,NN,,,2024-03-22T15:40:57,true,1,,7,,,,RTE,DE POMPIERRE,44000,NANTES,,,44109,,,,,,,,,,,,,,,,,,,,,,2000-07-01,F,,,,,71.2A,NAF1993,N,
005480082,00014,00548008200014,O,1954-01-01,NN,,,2024-03-30T07:04:46,true,4,,,,,,,DISSIGNAC,44600,SAINT-NAZAIRE,,,44184,,,,,44184B100_C,,,,,,,,,,,,,,,,,1998-12-31,F,,,,,45.1A,NAF1993,O,
005480165,00017,00548016500017,O,,NN,,,2024-03-22T15:40:57,true,1,,,,,,AV,DU GENERAL DE GAULLE,44500,LA BAULE-ESCOUBLAC,,,44055,,,,,,,,,,,,,,,,,,,,,,1984-12-25,F,,,,,67.01,NAP,N,
005480231,00017,00548023100017,O,1900-01-01,NN,,,2024-03-30T01:45:17,true,4,,220,,,,AVENUE,DU MARECHAL DE LATTRE DE TASSIGNY,44500,LA BAULE-ESCOUBLAC,,,44055,,,,,440552290_B,292674.27919095196,6701262.842809714,,,,,,,,,,,,,,,1991-12-25,F,,,,,64.22,NAP,N,
005480256,00014,00548025600014,O,,NN,,,2024-03-22T15:40:57,true,1,,6,,,,RUE,DU POULIGUEN,44740,BATZ-SUR-MER,,,44010,,,,,,,,,,,,,,,,,,,,,,,F,,,,,86.04,NAP,N,
005480546,00018,00548054600018,O,1958-01-01,NN,,,2025-12-05T20:11:43,true,5,,,,,,,LENIPHEN,44350,GUERANDE,,,44069,,,,,440699zagz0_B,289251.0389579184,6701751.095947895,,,,,,,,,,,,,,,2015-12-31,A,,,,,17.12Z,NAFRev2,N,17.12Y
005480546,00059,00548054600059,O,1992-01-01,NN,,,2024-03-30T09:21:34,false,4,IMMEUBLE LE LUTECIEN,322,,,,BOULEVARD,JEAN-JACQUES BOSC,33130,BEGLES,,,33039,,,,,330391110_B,419222.84176505986,6419159.570600096,,,,,,,,,,,,,,,1998-12-31,F,SODIPA,,,,74.1J,NAF1993,O,
005480546,00067,00548054600067,O,2006-11-30,NN,,,2024-03-30T09:38:07,false,5,ZI,,,,,,MONTCOUPOT,51210,MONTMIRAIL,,,51380,,,,,51380B165_C,,,,,,,,,,,,,,,,,2014-01-22,F,,,,,17.21B,NAFRev2,N,
005510037,00012,00551003700012,O,,NN,,,2024-03-22T15:40:57,true,1,,1,,,,RUE,HOHON,80510,LONG,,,80486,,,,,,,,,,,,,,,,,,,,,,1987-12-31,F,,,,,64.11,NAP,N,
005510060,00014,00551006000014,O,,NN,,,2024-03-30T14:05:07,true,1,,2,,,,ROUTE,DE FEUQUIERES,80210,TOURS-EN-VIMEU,,,80765,,,,,807650242_B,604766.8856219323,6993597.488369277,,,,,,,,,,,,,,,1987-06-23,F,,,,,57.02,NAP,N,
005510086,00019,00551008600019,O,,NN,,,2024-03-22T15:40:57,true,1,,,,,,,,80150,CANCHY,,,80167,,,,,,,,,,,,,,,,,,,,,,1987-05-31,F,,,,,38.40,NAP,N,
005510102,00014,00551010200014,O,,NN,,,2024-03-30T06:05:47,true,1,,142,,,,CHAUSSEE,MARCADE,80100,ABBEVILLE,,,80001,,,,,800011240_B,616030.7177934647,7002260.429735476,,,,,,,,,,,,,,,1989-08-30,F,,,,,82.06,NAP,N,
005510326,00019,00551032600019,O,,NN,,,2024-03-22T15:40:57,true,1,,,,,,,,80135,SAINT-RIQUIER,,,80716,,,,,,,,,,,,,,,,,,,,,,1990-10-05,F,,,,,67.04,NAP,N,
005510367,00013,00551036700013,O,,NN,,,2024-03-22T15:40:57,true,1,,,,,,HAM,DE BELLEFONTAINE,80490,BAILLEUL,,,80051,,,,,,,,,,,,,,,,,,,,,,1996-08-10,F,,,,,67.05,NAP,N,
005510490,00013,00551049000013,O,,NN,,,2024-03-22T15:40:57,true,1,,,,,,,,80120,QUEND,,,80649,,,,,,,,,,,,,,,,,,,,,,1987-12-31,F,,,,,64.24,NAP,N,
005510508,00020,00551050800020,O,,NN,,,2024-03-30T17:03:08,true,1,,,,,,RUE,DU 11 NOVEMBRE,80220,GAMACHES,,,80373,,,,,803730680_B,597190.1518626937,6988786.600195771,,,,,,,,,,,,,,,,F,,,,,62.11,NAP,N,
005510532,00053,00551053200053,O,,NN,,,2024-03-30T04:18:36,true,1,,691,,,,RUE,D'ABBEVILLE,80000,AMIENS,,,80021,,,,,800210050_B,645534.0847297948,6979515.116872412,,,,,,,,,,,,,,,1988-09-22,F,,,,,64.47,NAP,N,
005510623,00027,00551062300027,O,,NN,,,2024-03-30T09:48:14,true,1,,7,,,,RUE,SAINT-ANTOINE,80510,LONG,,,80486,,,,,804860580_B,626844.6216523974,6993934.39069097,,,,,,,,,,,,,,,1993-06-30,F,,,,,55.2C,NAF1993,N,
005510631,00012,00551063100012,O,,NN,,,2024-03-30T02:18:13,true,1,,13,,,,RUE,ROGER SALENGRO,80210,FEUQUIERES-EN-VIMEU,,,80308,,,,,803080820_B,600503.144849157,6996732.341278846,,,,,,,,,,,,,,,1994-03-31,F,,,,,52.1B,NAF1993,N,
005510722,00019,00551072200019,O,,NN,,,2024-03-22T15:40:57,true,1,,,,,,,,80135,ONEUX,,,80609,,,,,,,,,,,,,,,,,,,,,,1984-12-25,F,,,,,64.49,NAP,N,
005510854,00010,00551085400010,O,,NN,,,2024-03-30T05:16:16,true,1,,,,,,RUE,JEAN DE PONTHIEU,80100,ABBEVILLE,,,80001,,,,,800011038_B,616416.1350855937,7001524.525839918,,,,,,,,,,,,,,,1984-12-25,F,,,,,81.21,NAP,N,
005511027,00012,00551102700012,O,,NN,,,2024-03-30T12:40:16,true,1,,15,,,,RUE,DU MARAIS,80120,RUE,,,80688,,,,,806880740_B,605482.122697012,7019881.608067355,,,,,,,,,,,,,,,1985-12-25,F,,,,,56.02,NAP,N,
005511050,00014,00551105000014,O,,NN,,,2024-04-25T09:36:31,true,1,,8,,,,RTE,DE BERCK,80120,FORT-MAHON-PLAGE,,,80333,,,,,,,,,,,,,,,,,,,,,,1984-03-20,F,,,,,67.08,NAP,N,
005511100,00017,00551110000017,O,,NN,,,2024-03-30T06:19:57,true,1,,,,,,CHAUSSEE,MARCADE,80100,ABBEVILLE,,,80001,,,,,800011240_B,616143.6933307206,7002084.806655714,,,,,,,,,,,,,,,1984-12-25,F,,,,,78.02,NAP,N,
005511142,00019,00551114200019,O,,NN,,,2024-03-30T08:22:30,true,1,,53,,,,RUE,PIERRE CURIE,80210,FEUQUIERES-EN-VIMEU,,,80308,,,,,803080780_B,599496.9649880133,6996495.8893434135,,,,,,,,,,,,,,,1992-06-30,F,,,,,55.4B,NAF1993,N,
005511167,00016,00551116700016,O,,NN,,,2024-03-22T15:40:57,true,1,,,,,,,,80150,DOMPIERRE-SUR-AUTHIE,,,80248,,,,,,,,,,,,,,,,,,,,,,1990-06-30,F,,,,,67.04,NAP,N,
005511183,00021,00551118300021,O,,NN,,,2024-03-30T04:26:56,true,1,,41,,,,RUE,DU LIEUTENANT CARON,80100,ABBEVILLE,,,80001,,,,,800011150_B,617225.7269899407,7002116.189227979,,,,,,,,,,,,,,,1997-03-17,F,,,,,60.2E,NAF1993,N,
005511225,00012,00551122500012,O,,NN,,,2024-03-30T11:18:42,true,1,,,,,,RUE,DE L'EGLISE,80132,CAMBRON,,,80163,,,,,801630065_B,611927.2232387926,7002114.398112074,,,,,,,,,,,,,,,1984-12-25,F,,,,,62.11,NAP,N,
005511357,00013,00551135700013,O,,NN,,,2024-03-30T03:27:00,true,1,,27,,,,RUE,DU MARECHAL FOCH,80100,ABBEVILLE,,,80001,,,,,800011260_B,616582.8092783468,7001350.681157045,,,,,,,,,,,,,,,,F,,,,,87.03,NAP,N,
005511415,00019,00551141500019,O,,NN,,,2024-03-30T12:21:05,true,1,,11,,,,RUE,DE LA REPUBLIQUE,80510,LONGPRE-LES-CORPS-SAINTS,,,80488,,,,,804880720_B,627686.1688430725,6990760.25265826,,,,,,,,,,,,,,,1990-02-14,F,,,,,67.07,NAP,N,
005511449,00018,00551144900018,O,,NN,,,2024-03-29T22:49:24,true,1,,,,,,RUE,JACQUES MALLET,80132,HAUTVILLERS-OUVILLE,,,80422,,,,,804220014_B,615424.4385066037,7008771.336511112,,,,,,,,,,,,,,,1991-01-31,F,,,,,60.2L,NAF1993,N,
005511456,00013,00551145600013,O,1955-01-01,NN,,,2024-04-25T09:35:17,true,5,,62,,,,RUE,GRANDE,80220,GAMACHES,,,80373,,,,,,,,,,,,,,,,,,,,,,2011-12-25,F,,,,,68.20B,NAFRev2,N,
005511464,00017,00551146400017,O,,NN,,,2024-03-30T01:10:54,true,1,,259,,,,ROUTE,DE ROUEN,80100,ABBEVILLE,,,80001,,,,,800011870_B,615936.967299005,7000072.375299121,,,,,,,,,,,,,,,1989-12-30,F,,,,,67.05,NAP,N,
005511472,00010,00551147200010,O,,NN,,,2024-03-30T06:57:31,true,1,,24,,,,RUE,SAINT VULFRAN,80100,ABBEVILLE,,,80001,,,,,800012000_B,616251.30952334,7001353.465643445,,,,,,,,,,,,,,,1990-08-31,F,,,,,64.11,NAP,N,
005511530,00015,00551153000015,O,,NN,,,2024-03-30T04:06:14,true,1,,8,,,,RUE,GASTON GARRY,80120,RUE,,,80688,,,,,806880540_B,605464.265920752,7020217.297373463,,,,,,,,,,,,,,,1988-10-25,F,,,,,64.24,NAP,N,
005511688,00011,00551168800011,O,,NN,,,2024-03-22T15:40:57,true,1,,33,,,,RUE,VASSEUR,80120,QUEND,,,80649,,,,,,,,,,,,,,,,,,,,,,1984-12-25,F,,,,,81.21,NAP,N,
005511738,00014,00551173800014,O,,NN,,,2024-03-30T02:24:18,true,1,,,,,,RUE,NOTRE-DAME,80135,SAINT-RIQUIER,,,80716,,,,,807160480_B,624833.2559071853,7003923.869019159,,,,,,,,,,,,,,,,F,,,,,62.44,NAP,N,
005511845,00017,00551184500017,O,,NN,,,2024-03-30T13:45:13,true,1,,10,,,,RUE,GENERAL LECLERC,80550,LE CROTOY,,,80228,,,,,802280470_B,601796.8714360858,7013831.251357826,,,,,,,,,,,,,,,1984-12-25,F,,,,,81.21,NAP,N,
005511944,00018,00551194400018,O,,NN,,,2024-03-22T15:40:57,true,1,,,,,,,,80570,DARGNIES,,,80235,,,,,,,,,,,,,,,,,,,,,,1984-12-25,F,,,,,21.11,NAP,N,
005512025,00015,00551202500015,O,,NN,,,2024-03-30T12:28:08,true,1,,,,,,RUE,DU MARECHAL FOCH,80100,ABBEVILLE,,,80001,,,,,800011260_B,616606.1854062174,7001323.387224079,,,,,,,,,,,,,,,1985-12-25,F,,,,,81.21,NAP,N,
005512066,00019,00551206600019,O,,NN,,,2024-03-30T14:04:45,true,1,,3,,,,RUE,FERDINAND BUISSON,80210,FEUQUIERES-EN-VIMEU,,,80308,,,,,803080440_B,600218.2673441804,6996663.749107618,,,,,,,,,,,,,,,1988-06-15,F,,,,,81.21,NAP,N,
005512231,00019,00551223100019,O,,NN,,,2024-03-22T15:40:57,true,1,,,,,,,,80150,LE BOISLE,,,80109,,,,,,,,,,,,,,,,,,,,,,1994-08-29,F,,,,,55.40,NAP,N,
005512363,00010,00551236300010,O,,NN,,,2024-03-22T15:40:57,true,1,,,,,,,,80132,LE TITRE,,,80763,,,,,,,,,,,,,,,,,,,,,,1991-12-20,F,,,,,62.44,NAP,N,
005512447,00011,00551244700011,O,,NN,,,2024-03-29T23:33:17,true,1,,,,,,RUE,ROGER SALENGRO,80210,FEUQUIERES-EN-VIMEU,,,80308,,,,,803080820_B,600571.8346340127,6996761.6462652795,,,,,,,,,,,,,,,1988-09-30,F,,,,,81.21,NAP,N,
005512645,00010,00551264500010,O,,NN,,,2024-03-30T03:09:48,true,1,,,,,,RUE,DE L'EGLISE,80140,HUPPY,,,80446,,,,,804460040_B,611348.630292076,6992552.037289703,,,,,,,,,,,,,,,,F,,,,,22.02,NAP,N,
005512678,00011,00551267800011,O,,NN,,,2024-03-22T15:40:57,true,1,,,,,,PL,DU MONUMENT,80550,LE CROTOY,,,80228,,,,,,,,,,,,,,,,,,,,,,,F,,,,,81.21,NAP,N,
005512686,00014,00551268600014,O,,NN,,,2024-03-30T13:10:01,true,1,,8,,,,RUE,PORTE DU PONT,80550,LE CROTOY,,,80228,,,,,802280880_B,601895.7698629393,7013863.167791348,,,,,,,,,,,,,,,1994-03-31,F,,,,,55.3A,NAF1993,N,
005512710,00012,00551271000012,O,,NN,,,2024-04-25T09:32:51,true,1,,9,,,,RTE,D ABBEVILLE,80135,SAINT-RIQUIER,,,80716,,,,,,,,,,,,,,,,,,,,,,,F,,,,,62.43,NAP,N,
005512728,00014,00551272800014,O,,NN,,,2024-04-25T09:37:49,true,1,,,,,,RUE,DE MALADRERIE,80150,YVRENCHEUX,,,80833,,,,,,,,,,,,,,,,,,,,,,1984-12-25,F,,,,,67.05,NAP,N,
005515309,00010,00551530900010,O,,NN,,,2024-03-30T06:46:02,true,1,,,,,,RUE,D’ABBEVILLE,80120,QUEND,,,80649,,,,,806490020_B,596480.5047313538,7026120.498373412,,,,,,,,,,,,,,,1992-01-20,F,,,,,92.7C,NAF1993,N,
005520028,00019,00552002800019,O,1955-01-01,NN,,,2025-12-06T03:53:35,true,5,,,,,,RUE,AMBROISE CROIZAT,80570,DARGNIES,,,80235,,,,,802350040_B,594146.3716155933,6994545.098831855,,,,,,,,,,,,,,,2008-01-01,A,,,,,68.20B,NAFRev2,N,68.20H
005520036,00012,00552003600012,O,,NN,,,2024-03-30T15:22:40,true,1,,220,,,,RUE,DE MENCHECOURT,80100,ABBEVILLE,,,80001,,,,,800011310_B,614831.8069278317,7003316.03890984,,,,,,,,,,,,,,,1989-03-30,F,,,,,15.11,NAP,N,
005520077,00016,00552007700016,O,1955-01-01,NN,,,2025-12-05T17:03:16,true,4,,13,,,,RUE,GAMBETTA,80210,FEUQUIERES-EN-VIMEU,,,80308,,,,,803080500_B,599331.2208454366,6996488.1448541805,,,,,,,,,,,,,,,2008-01-01,A,,,,,25.72Z,NAFRev2,N,25.62Y
005520135,00012,00552013500012,O,1955-01-01,NN,,,2024-03-22T15:40:57,false,5,,253,,,,RUE,DE MENCHECOURT,80100,ABBEVILLE,,,80001,,,,,,,,,,,,,,,,,,,,,,2007-11-19,F,,,,,74.1J,NAFRev1,O,
005520135,00020,00552013500020,O,1998-09-30,NN,,,2024-03-22T15:40:57,false,3,,32,,,,PL,DE LA GARE - LILLE,59000,LILLE,,,59350,,,,,,,,,,,,,,,,,,,,,,2007-04-20,F,,,,,74.1J,NAFRev1,N,
005520135,00038,00552013500038,O,2007-04-20,NN,,,2024-03-22T15:40:57,true,2,,70,,,,RUE,DE LAUSANNE,01220,DIVONNE-LES-BAINS,,,01143,,,,,,,,,,,,,,,,,,,,,,2007-11-19,F,,,,,17.1P,NAFRev1,N,
005520176,00016,00552017600016,O,1955-01-01,12,2023,,2025-12-05T15:51:52,true,4,,50,,,,RUE,PASTEUR,80210,FEUQUIERES-EN-VIMEU,,,80308,,,,,803080700_B,599876.1250704136,6995939.949189544,,,,,,,,,,,,,,,2008-01-01,A,,,,,17.21A,NAFRev2,O,17.21Y
005520176,00032,00552017600032,O,1999-08-30,12,2023,,2025-12-06T00:22:28,false,4,,,,,,,ZONE DES HAYETTES,80210,CHEPY,,,80190,,,,,,,,,,,,,,,,,,,,,,2008-01-01,A,,,,,17.21A,NAFRev2,O,17.21Y
005520200,00014,00552020000014,O,,NN,,,2024-03-22T15:40:57,true,1,,4,,,,RUE,PIERRE CURIE,80220,GAMACHES,,,80373,,,,,,,,,,,,,,,,,,,,,,,F,,,,,81.21,NAP,N,
005520234,00021,00552023400021,O,,NN,,,2024-03-22T15:40:57,true,1,,,,,,,ZONE INDUSTRIELLE,80210,FEUQUIERES-EN-VIMEU,,,80308,,,,,,,,,,,,,,,,,,,,,,1988-06-23,F,,,,,59.10,NAP,N,
005520242,00016,00552024200016,O,1900-01-01,00,2023,,2024-03-30T12:29:26,false,5,,3,,,,RUE,DU 43 RIC,80510,LONGPRE-LES-CORPS-SAINTS,,,80488,,,,,804880710_B,628325.4785957776,6990958.224527271,,,,,,,,,,,,,,,2023-03-01,F,,,,,20.30Z,NAFRev2,O,
005520242,00032,00552024200032,O,1900-01-01,NN,,,2024-03-30T12:29:26,false,4,,55,,,,BOULEVARD,DE SEBASTOPOL,75001,PARIS,,,75101,,,,,751018894_B,652322.9353410682,6862677.744800113,,,,,,,,,,,,,,,1994-12-25,F,,,,,74.1J,NAF1993,O,
005520242,00040,00552024200040,O,1993-03-01,NN,,,2024-03-30T12:29:26,false,4,,88,,,,RUE,ROBESPIERRE,93100,MONTREUIL,,,93048,,,,,930488225_B,657853.5342181568,6861226.100857308,,,,,,,,,,,,,,,2001-01-19,F,,,,,74.1J,NAF1993,O,
005520242,00057,00552024200057,O,2001-01-15,NN,,,2024-03-30T12:29:27,false,3,,14,,,,RUE,LESAULT,93500,PANTIN,,,93055,,,,,930555155_B,656639.7672459759,6865718.062853288,,,,,,,,,,,,,,,2004-10-12,F,,,,,24.3Z,NAFRev1,N,
005520242,00065,00552024200065,O,2001-01-19,NN,,,2024-03-30T12:29:26,false,4,,14,,,,RUE,LESAULT,93500,PANTIN,,,93055,,,,,930555155_B,656639.7672459759,6865718.062853288,,,,,,,,,,,,,,,2008-01-01,F,,,,,20.30Z,NAFRev2,O,
005520242,00073,00552024200073,O,2004-10-01,NN,,,2024-03-30T12:29:26,false,4,,1,,,,RUE,ALBERT EINSTEIN,78190,TRAPPES,,,78621,,,,,786210018_B,626548.4558667345,6852408.590996876,,,,,,,,,,,,,,,2008-01-01,F,,,,,20.30Z,NAFRev2,O,
005520242,00081,00552024200081,O,2023-03-01,12,2023,,2025-12-06T04:18:17,true,1,,4,,,,RUE,DU 43 RIC,80510,LONGPRE-LES-CORPS-SAINTS,,,80488,,,,,804880710_B,628509.6135741135,6990840.768488835,,,,,,,,,,,,,,,2023-03-01,A,,,,,20.30Z,NAFRev2,N,20.30Y
005520259,00010,00552025900010,O,,NN,,,2024-03-22T15:40:57,true,1,,,,,,CHS,DU BOIS,80100,ABBEVILLE,,,80001,,,,,,,,,,,,,,,,,,,,,,1984-12-25,F,,,,,62.43,NAP,N,
005520309,00013,00552030900013,O,,NN,,,2024-03-22T15:40:57,true,1,,,,,,RUE,MARECHAL FOCH,80100,ABBEVILLE,,,80001,,,,,,,,,,,,,,,,,,,,,,1984-12-25,F,,,,,64.13,NAP,N,
005520325,00019,00552032500019,O,1955-01-01,12,2023,,2025-12-06T02:16:10,false,5,,12,,,,RUE,HENRI BARBUSSE,80570,DARGNIES,,,80235,,,,,802350320_B,594610.9193809408,6994643.0011131475,,,,,,,,,,,,,,,2013-12-31,A,,,,,46.74B,NAFRev2,O,46.84H
005520325,00027,00552032500027,O,2018-12-20,NN,,,2025-12-06T04:31:28,true,1,,36,,,,AVENUE,JUNOT,75018,PARIS,,,75118,,,,,751185122_B,651350.2009769329,6865661.789747959,,,,,,,,,,,,,,,2018-12-20,A,,,,,70.10Z,NAFRev2,N,70.10Y
005520408,00047,00552040800047,O,2000-12-14,NN,,,2024-03-22T15:40:57,false,4,,52,,,,RUE,DE LA BIENFAISANCE,75008,PARIS 8,,,75108,,,,,,,,,,,,,,,,,,,,,,2003-07-01,F,,,,,65.2E,NAFRev1,N,
005520408,00054,00552040800054,O,2003-07-01,NN,,,2024-03-22T15:40:57,true,3,,17,,,,RUE,DE LA BAUME,75008,PARIS 8,,,75108,,,,,,,,,,,,,,,,,,,,,,2004-08-01,F,,,,,65.2E,NAFRev1,N,
005520416,00016,00552041600016,O,1900-01-01,NN,,,2024-03-30T12:07:38,true,4,,60,,,,QUAI,DE LA POINTE,80100,ABBEVILLE,,,80001,,,,,800011600_B,615858.0016162635,7002073.460855286,,,,,,,,,,,,,,,1995-12-25,F,,,,,37.1Z,NAF1993,O,
005520424,00010,00552042400010,O,,NN,,,2024-03-22T15:40:57,true,1,,,,,,RUE,JOSSE VAN ROBAIS,80100,ABBEVILLE,,,80001,,,,,,,,,,,,,,,,,,,,,,1984-12-25,F,,,,,55.60,NAP,N,
005520432,00013,00552043200013,O,,NN,,,2024-04-25T09:31:23,true,1,,58,,,,RUE,GRANDE,80220,GAMACHES,,,80373,,,,,,,,,,,,,,,,,,,,,,,F,,,,,64.22,NAP,N,
005520440,00016,00552044000016,O,1955-01-01,NN,,,2024-03-29T22:36:21,true,4,,2,,,,RUE,SAINT GILLES,80100,ABBEVILLE,,,80001,,,,,800011900_B,616733.5101101252,7001205.25109787,,,,,,,,,,,,,,,2003-04-01,F,,,,,18.2D,NAFRev1,O,
005520465,00039,00552046500039,O,,NN,,,2024-03-22T15:40:57,true,1,,,,,,RUE,DE L HOMMELET,59100,ROUBAIX,,,59512,,,,,,,,,,,,,,,,,,,,,,1985-12-25,F,,,,,59.02,NAP,N,
005520507,00012,00552050700012,O,,NN,,,2024-03-22T15:40:57,true,1,,,,,,,MOU SAINT JEAN,80120,RUE,,,80688,,,,,,,,,,,,,,,,,,,,,,1984-12-25,F,,,,,57.09,NAP,N,
005540034,00013,00554003400013,O,,NN,,,2024-03-30T15:23:45,true,1,,,,,,PLACE,DU GENERAL DE GAULLE,04000,DIGNE-LES-BAINS,,,04070,,,,,040700745_B,959077.6733504224,6337973.730040853,,,,,,,,,,,,,,,1984-12-25,F,,,,,81.21,NAP,N,
005540083,00010,00554008300010,O,,NN,,,2024-03-22T15:40:57,true,1,,,,,,RUE,4 COINS,04500,RIEZ,,,04166,,,,,,,,,,,,,,,,,,,,,,1984-12-25,F,,,,,64.11,NAP,N,
005540091,00013,00554009100013,O,,NN,,,2024-03-30T02:01:10,true,1,,,,,,AVENUE,DE LA LIBERATION,04200,SISTERON,,,04209,,,,,042090820_B,935365.6351869196,6347998.534582158,,,,,,,,,,,,,,,1984-12-25,F,,,,,47.02,NAP,N,
005540125,00019,00554012500019,O,,NN,,,2024-03-30T04:09:58,true,1,,,,,,PLACE,JEAN JAURES,04160,CHATEAU-ARNOUX-SAINT-AUBAN,,,04049,,,,,040490450_B,940908.441424451,6337240.681847153,,,,,,,,,,,,,,,1984-12-25,F,,,,,00.97,NAP,N,
005540273,00025,00554027300025,O,1900-01-01,NN,,,2025-12-06T00:34:38,true,3,,7,,,,PL,BERAUD,04330,BARREME,,,04022,,,,,,,,,,,,,,,,,,,,,,2008-01-01,A,,,,,68.20B,NAFRev2,N,68.20H
005540307,00013,00554030700013,O,1955-01-01,NN,,,2024-03-22T15:40:57,true,1,,,,,,HAM,LE SAUZE,04400,ENCHASTRAYES,,,04073,,,,,,,,,,,,,,,,,,,,,,1998-06-30,F,,,,,70.2C,NAF1993,N,
005540315,00016,00554031500016,O,,NN,,,2024-03-30T07:11:46,true,1,,44,,,,BOULEVARD,GASSENDI,04000,DIGNE-LES-BAINS,,,04070,,,,,040700710_B,958953.8966003337,6337912.054654361,,,,,,,,,,,,,,,1991-08-17,F,,,,,64.44,NAP,N,
005540349,00015,00554034900015,O,,NN,,,2024-03-22T15:40:57,true,1,,,,,,RUE,DES COURTILS,04360,MOUSTIERS-SAINTE-MARIE,,,04135,,,,,,,,,,,,,,,,,,,,,,1984-12-25,F,,,,,00.97,NAP,N,
005540372,00017,00554037200017,O,,NN,,,2024-03-29T23:46:29,true,1,,2,,,,PLACE,DE L’HORLOGE,04200,SISTERON,,,04209,,,,,042090720_B,935313.0116315114,6348594.262986527,,,,,,,,,,,,,,,1991-12-31,F,,,,,64.30,NAP,N,
005540380,00010,00554038000010,O,1974-04-11,NN,,,2024-03-22T15:40:57,true,5,,49,,,,BD,GASSENDI,04000,DIGNE-LES-BAINS,,,04070,,,,,,,,,,,,,,,,,,,,,,2010-11-16,F,,,,,47.73Z,NAFRev2,O,
005540422,00010,00554042200010,O,,NN,,,2024-03-30T18:48:31,true,1,,9,,,,ALLEE,ROMAIN SELSIS,04700,ORAISON,,,04143,,,,,041430465_B,934319.0769953409,6317341.267861213,,,,,,,,,,,,,,,1990-07-01,F,,,,,59.08,NAP,N,
005540448,00015,00554044800015,O,,NN,,,2024-03-22T15:40:57,true,1,,,,,,,,04350,MALIJAI,,,04108,,,,,,,,,,,,,,,,,,,,,,1984-12-25,F,,,,,00.98,NAP,N,
005540455,00010,00554045500010,O,,NN,,,2024-03-30T15:42:27,true,1,,,,,,,LE VILLAGE,04350,MALIJAI,,,04108,,,,,04108B061_C,,,,,,,,,,,,,,,,,1991-12-31,F,,,,,39.01,NAP,N,
005540497,00012,00554049700012,O,1989-08-25,NN,,,2024-03-30T08:35:07,true,3,,47,,,,RUE,MANUEL,04400,BARCELONNETTE,,,04019,,,,,040190340_B,990738.8603678576,6372041.6192352595,,,,,,,,,,,,,,,1991-12-25,F,,,,,38.50,NAP,N,
005540539,00029,00554053900029,O,,NN,,,2024-03-30T03:59:06,true,1,,,,,,PLACE,FREDERIC MISTRAL,04210,VALENSOLE,,,04230,,,,,042300150_B,940144.7638812077,6308770.73971309,,,,,,,,,,,,,,,1984-12-25,F,,,,,81.21,NAP,N,
005540547,00014,00554054700014,O,,NN,,,2024-03-22T15:40:57,true,1,,,,,,,,04120,CASTELLANE,,,04039,,,,,,,,,,,,,,,,,,,,,,1989-01-07,F,,,,,55.4B,NAF1993,N,
005540554,00010,00554055400010,O,,NN,,,2024-03-30T09:36:58,true,1,,,,,,RUE,DE LA GRANDE FONTAINE,04210,VALENSOLE,,,04230,,,,,042300170_B,940054.7799353637,6308787.574491414,,,,,,,,,,,,,,,1984-12-25,F,,,,,00.10,NAP,N,
005540612,00016,00554061200016,O,,NN,,,2024-03-22T15:40:57,true,1,,,,,,,LE CYRNOS,04200,SISTERON,,,04209,,,,,,,,,,,,,,,,,,,,,,1984-12-25,F,,,,,00.97,NAP,N,
005540646,00014,00554064600014,O,,NN,,,2024-03-22T15:40:57,true,1,,,,,,PL,MARIUS SAUVAIRE,04120,CASTELLANE,,,04039,,,,,,,,,,,,,,,,,,,,,,1984-12-25,F,,,,,00.97,NAP,N,
005540661,00021,00554066100021,O,1900-01-01,NN,,,2025-12-05T16:49:53,true,3,,34,,,,BOULEVARD,GASSENDI,04000,DIGNE-LES-BAINS,,,04070,,,,,040700710_B,958884.5973851447,6337864.512254101,,,,,,,,,,,,,,,2008-01-01,A,,,,,68.20B,NAFRev2,N,68.20H
005540828,00018,00554082800018,O,,NN,,,2024-04-25T09:35:51,true,1,,6,,,,PL,DE LA MAIRIE,04200,SISTERON,,,04209,,,,,,,,,,,,,,,,,,,,,,1984-12-25,F,,,,,00.97,NAP,N,
005540836,00011,00554083600011,O,,NN,,,2024-03-22T15:40:57,true,1,,,,,,,GRAND RUE,04210,VALENSOLE,,,04230,,,,,,,,,,,,,,,,,,,,,,1984-12-25,F,,,,,00.97,NAP,N,
005540844,00015,00554084400015,O,,NN,,,2024-03-22T15:40:57,true,1,,,,,,,,04500,QUINSON,,,04158,,,,,,,,,,,,,,,,,,,,,,1984-12-25,F,,,,,00.97,NAP,N,
005540869,00012,00554086900012,O,,NN,,,2024-03-30T10:28:18,true,1,,7,,,,RUE,SAUNERIE,04200,SISTERON,,,04209,,,,,042091560_B,935311.2284781397,6348676.356721609,,,,,,,,,,,,,,,,F,,,,,38.50,NAP,N,
005540885,00018,00554088500018,O,,NN,,,2024-03-30T18:16:59,true,1,,,,,,PLACE,CLEMENT PLANE,04700,ORAISON,,,04143,,,,,041430125_B,934359.9197481651,6317408.382134192,,,,,,,,,,,,,,,1984-12-25,F,,,,,00.97,NAP,N,
005540901,00013,00554090100013,O,,NN,,,2024-03-22T15:40:57,true,1,,,,,,,,04360,MOUSTIERS-SAINTE-MARIE,,,04135,,,,,,,,,,,,,,,,,,,,,,1984-12-25,F,,,,,00.97,NAP,N,
005540968,00012,00554096800012,O,,NN,,,2024-03-30T17:36:23,true,1,,7,,,,RUE,CAPITOUL,04000,DIGNE-LES-BAINS,,,04070,,,,,040700280_B,959118.4598638704,6337925.0292196,,,,,,,,,,,,,,,1991-04-19,F,,,,,81.21,NAP,N,
005540976,00015,00554097600015,O,,NN,,,2024-03-30T04:51:07,true,1,,,,,,BOULEVARD,GASSENDI,04000,DIGNE-LES-BAINS,,,04070,,,,,040700710_B,959158.658725575,6338041.102798583,,,,,,,,,,,,,,,1985-12-25,F,,,,,62.43,NAP,N,
005541016,00019,00554101600019,O,,NN,,,2024-03-30T10:26:45,true,1,,,,,,,LES FERREOLS,04000,DIGNE-LES-BAINS,,,04070,,,,,04070B058_C,,,,,,,,,,,,,,,,,,F,,,,,81.21,NAP,N,
005541032,00016,00554103200016,O,,NN,,,2024-03-22T15:40:57,true,1,,,,,,,,04140,AUZET,,,04017,,,,,,,,,,,,,,,,,,,,,,1984-12-25,F,,,,,00.97,NAP,N,
005541040,00019,00554104000019,O,,NN,,,2024-03-22T15:40:57,true,1,,,,,,,,04530,LA CONDAMINE-CHATELARD,,,04062,,,,,,,,,,,,,,,,,,,,,,1984-12-25,F,,,,,,,N,
005541065,00016,00554106500016,O,,NN,,,2024-03-22T15:40:57,true,1,,,,,,,,04140,SEYNE,,,04205,,,,,,,,,,,,,,,,,,,,,,1984-12-25,F,,,,,00.97,NAP,N,
005541073,00010,00554107300010,O,,NN,,,2024-03-30T05:09:46,true,1,,,,,,ROUTE,NATIONALE NO96,04600,CHATEAU-ARNOUX-SAINT-AUBAN,,,04049,,,,,040490528_B,939458.5443030191,6334995.74221664,,,,,,,,,,,,,,,,F,,,,,67.08,NAP,N,
005541123,00013,00554112300013,O,,NN,,,2024-03-22T15:40:57,true,1,,,,,,,,04170,THORAME-HAUTE,,,04219,,,,,,,,,,,,,,,,,,,,,,1994-07-29,F,,,,,55.1A,NAF1993,N,
005541206,00016,00554120600016,O,1900-01-01,NN,,,2024-03-30T06:38:14,false,3,,,,,,RUE,DU MILIEU,04320,ENTREVAUX,,,04076,,,,,0407652crux_B,1005848.7204089072,6324186.488390744,,,,,,,,,,,,,,,1992-11-30,F,,,,,52.1B,NAF1993,N,
005541206,00024,00554120600024,O,1998-04-02,NN,,,2025-12-05T16:07:36,true,3,,,,,,QUA,LE RAGOT,04320,ENTREVAUX,,,04076,,,,,04076A006_C,,,,,,,,,,,,,,,,,2008-01-01,A,,,,,68.20B,NAFRev2,N,68.20H
005541248,00018,00554124800018,O,,NN,,,2024-03-22T15:40:57,true,1,,,,,,,,04250,LE CAIRE,,,04037,,,,,,,,,,,,,,,,,,,,,,1987-09-01,F,,,,,67.01,NAP,N,
005541255,00013,00554125500013,O,,NN,,,2024-03-22T15:40:57,true,1,,,,,,,LE VERLAINE,04800,GREOUX-LES-BAINS,,,04094,,,,,,,,,,,,,,,,,,,,,,,F,,,,,54.07,NAP,N,
005541263,00017,00554126300017,O,,NN,,,2024-03-22T15:40:57,true,1,,,,,,,,04370,BEAUVEZER,,,04025,,,,,,,,,,,,,,,,,,,,,,,F,,,,,62.11,NAP,N,
005541305,00016,00554130500016,O,,NN,,,2024-03-30T07:02:45,true,1,,,,,,,GAUDEISSARD,04340,MEOLANS REVEL,,,04161,,,,,04161B067_C,,,,,,,,,,,,,,,,,,F,,,,,48.01,NAP,N,
005541347,00018,00554134700018,O,1900-01-01,NN,,,2024-03-22T15:40:57,true,4,,,,,,,,04500,MONTAGNAC-MONTPEZAT,,,04124,,,,,,,,,,,,,,,,,,,,,,1995-12-25,F,,,,,51.1T,NAF1993,N,
005541347,00026,00554134700026,O,1982-09-23,NN,,,2024-03-22T15:40:57,false,3,,,,,,,,04500,RIEZ,,,04166,,,,,,,,,,,,,,,,,,,,,,1994-05-04,F,,,,,01.2J,NAF1993,N,
005541362,00017,00554136200017,O,,NN,,,2024-03-22T15:40:57,true,1,,,,,,,,04700,ORAISON,,,04143,,,,,,,,,,,,,,,,,,,,,,1984-12-25,F,,,,,55.60,NAP,N,
005541412,00010,00554141200010,O,,NN,,,2024-03-22T15:40:57,true,1,,2,,,,,C ARCS,04000,DIGNE-LES-BAINS,,,04070,,,,,,,,,,,,,,,,,,,,,,1984-12-25,F,,,,,67.08,NAP,N,
005541438,00023,00554143800023,O,1990-09-01,NN,,,2024-03-30T07:50:30,true,5,,,,,,RUE,VALLON DE FARINE,04000,DIGNE-LES-BAINS,,,04070,,,,,040701670_B,958748.7237982799,6339350.1283586025,,,,,,,,,,,,,,,2008-01-01,F,,,,,68.20B,NAFRev2,N,
005541495,00015,00554149500015,O,,NN,,,2024-03-22T15:40:57,true,1,,,,,,,,04240,ANNOT,,,04008,,,,,,,,,,,,,,,,,,,,,,1987-05-02,F,,,,,63.05,NAP,N,
005541529,00011,00554152900011,O,,NN,,,2024-03-22T15:40:57,true,1,,,,,,,,04170,SAINT-ANDRE-LES-ALPES,,,04173,,,,,,,,,,,,,,,,,,,,,,1984-12-25,F,,,,,65.06,NAP,N,
005541545,00017,00554154500017,O,,NN,,,2024-03-22T15:40:57,true,1,,,,,,,,04360,MOUSTIERS-SAINTE-MARIE,,,04135,,,,,,,,,,,,,,,,,,,,,,1993-08-05,F,,,,,52.1B,NAF1993,N,
005541552,00013,00554155200013,O,1974-01-01,01,2023,,2025-12-05T16:25:49,true,4,,,,,,,HOTEL DU VERDON,04370,BEAUVEZER,,,04025,,,,,,,,,,,,,,,,,,,,,,2008-01-01,A,,,,,55.10Z,NAFRev2,O,55.10Y
005541552,00021,00554155200021,O,1996-11-30,NN,,,2024-03-22T15:40:57,false,4,FROND FREDDE,,,,,,L'AULAPIE,04260,ALLOS,,,04006,,,,,,,,,,,,,,,,,,,,,,2007-09-30,F,,,,,55.3B,NAFRev1,N,
005541552,00039,00554155200039,O,2007-09-30,02,2023,,2025-12-06T02:48:23,false,3,,,,,,,PISTE DE L'AIGUILLE,04260,ALLOS,,,04006,,,,,,,,,,,,,,,,,,,,,,2008-01-01,A,LE SYMPA SNACK,,,,56.10C,NAFRev2,O,56.11J
005541560,00016,00554156000016,O,,NN,,,2024-03-30T12:44:02,true,1,,37,,,,RUE,MANUEL,04400,BARCELONNETTE,,,04019,,,,,040190340_B,990768.290805984,6372051.877755837,,,,,,,,,,,,,,,1984-12-25,F,,,,,00.97,NAP,N,
005541610,00035,00554161000035,O,,NN,,,2024-03-30T10:59:48,true,1,,,,,,RUE,DES CORDELIERS,04200,SISTERON,,,04209,,,,,042090320_B,935314.2654991737,6348271.227299339,,,,,,,,,,,,,,,1985-12-25,F,,,,,79.06,NAP,N,
005541669,00015,00554166900015,O,,NN,,,2024-03-30T03:34:54,true,1,,,,,,,SAINT CHRISTOPHE,04000,DIGNE-LES-BAINS,,,04070,,,,,04070B137_C,,,,,,,,,,,,,,,,,1984-12-25,F,,,,,81.21,NAP,N,
005541677,00018,00554167700018,O,,NN,,,2024-03-30T16:43:09,true,1,,20,,,,RUE,MANUEL,04400,BARCELONNETTE,,,04019,,,,,040190340_B,990826.8560439919,6372080.499793209,,,,,,,,,,,,,,,1984-12-25,F,,,,,64.46,NAP,N,
005541685,00011,00554168500011,O,,NN,,,2024-03-30T13:11:50,true,1,,15,,,,RUE,DE L'ANCIENNE MAIRIE,04000,DIGNE-LES-BAINS,,,04070,,,,,040701000_B,959165.0327923393,6337918.93317347,,,,,,,,,,,,,,,1988-05-31,F,,,,,15.8C,NAF1993,N,
005541701,00016,00554170100016,O,,NN,,,2024-03-22T15:40:57,true,1,,,,,,,,04530,LA CONDAMINE-CHATELARD,,,04062,,,,,,,,,,,,,,,,,,,,,,1984-12-25,F,,,,,00.10,NAP,N,
005541735,00014,00554173500014,O,,NN,,,2024-03-30T02:28:42,true,1,,35,,,,BOULEVARD,GASSENDI,04000,DIGNE-LES-BAINS,,,04070,,,,,040700710_B,958847.0247541716,6337862.19434073,,,,,,,,,,,,,,,1989-03-07,F,,,,,64.12,NAP,N,
005541750,00013,00554175000013,O,,NN,,,2024-03-22T15:40:57,true,1,,,,,,,,04370,COLMARS,,,04061,,,,,,,,,,,,,,,,,,,,,,1984-12-25,F,,,,,65.02,NAP,N,
005541776,00018,00554177600018,O,,NN,,,2024-03-22T15:40:57,true,1,,,,,,,,04170,SAINT-ANDRE-LES-ALPES,,,04173,,,,,,,,,,,,,,,,,,,,,,1984-12-25,F,,,,,69.11,NAP,N,
005541842,00018,00554184200018,O,,NN,,,2024-03-30T13:26:27,true,1,,,,,,RUE,DE LA GRANDE FONTAINE,04000,DIGNE-LES-BAINS,,,04070,,,,,040700760_B,959287.1889720189,6338061.055056568,,,,,,,,,,,,,,,1984-12-25,F,,,,,49.01,NAP,N,
005541867,00023,00554186700023,O,1984-07-10,NN,,,2025-12-05T17:56:20,true,3,,,,,,QUAI,DES 4 CHEMINS,83460,LES ARCS,,,83004,,,,,,,,,,,,,,,,,,,,,,2008-01-01,A,,,,,68.20B,NAFRev2,N,68.20H
005541909,00015,00554190900015,O,,NN,,,2024-03-30T15:53:01,true,1,,,,,,BOULEVARD,DE LA REPUBLIQUE,04190,LES MEES,,,04116,,,,,041160145_B,938444.2523999268,6330094.812252669,,,,,,,,,,,,,,,1984-12-25,F,,,,,81.21,NAP,N,
005541982,00020,00554198200020,O,,NN,,,2024-03-30T15:20:47,true,1,,32,,,,BOULEVARD,GASSENDI,04000,DIGNE-LES-BAINS,,,04070,,,,,040700710_B,958875.1709717219,6337857.898805106,,,,,,,,,,,,,,,1993-06-30,F,,,,,52.4C,NAF1993,N,
005542113,00013,00554211300013,O,1988-03-18,NN,,,2024-03-22T15:40:57,true,3,HOTEL L'EQUIPE,,,,,,SAUZE,04400,ENCHASTRAYES,,,04073,,,,,,,,,,,,,,,,,,,,,,2001-10-03,F,,,,,70.2C,NAF1993,N,
005542162,00010,00554216200010,O,,NN,,,2024-03-22T15:40:57,true,1,,,,,,,,04340,MEOLANS-REVEL,,,04161,,,,,,,,,,,,,,,,,,,,,,1984-12-25,F,,,,,57.08,NAP,N,
005542212,00013,00554221200013,O,1955-01-01,NN,,,2024-03-22T15:40:57,true,1,,,,,,QUAI,LE SAUZE,04400,ENCHASTRAYES,,,04073,,,,,,,,,,,,,,,,,,,,,,2000-06-02,F,,,,,70.2C,NAF1993,N,
005542261,00010,00554226100010,O,1955-01-01,NN,,,2024-03-22T15:40:57,true,1,,,,,,,COL ST JEAN,04340,SAINT VINCENT LES FORTS,,,04198,,,,,,,,,,,,,,,,,,,,,,1998-12-19,F,,,,,55.1A,NAF1993,N,
005542345,00011,00554234500011,O,,NN,,,2024-03-22T15:40:57,true,1,,,,,,RUE,DE LA MAIRIE,04190,LES MEES,,,04116,,,,,,,,,,,,,,,,,,,,,,1987-12-31,F,,,,,38.40,NAP,N,
005542394,00019,00554239400019,O,,NN,,,2024-03-30T04:17:50,true,1,,1,,,,PLACE,PIED DE VILLE,04000,DIGNE-LES-BAINS,,,04070,,,,,040701240_B,958986.6952386898,6337755.161715809,,,,,,,,,,,,,,,,F,,,,,67.09,NAP,N,
005542410,00013,00554241000013,O,,NN,,,2024-03-30T12:59:56,true,1,,,,,,RUE,SAUNERIE,04200,SISTERON,,,04209,,,,,042091560_B,935323.5614678626,6348735.963358052,,,,,,,,,,,,,,,1984-12-25,F,,,,,00.97,NAP,N,
005550017,00015,00555001700015,O,,NN,,,2024-03-30T10:30:09,true,1,,,,,,AV,DE LA GARE,04200,SISTERON,,,04209,,,,,042090645_C,,,,,,,,,,,,,,,,,,F,,,,,59.08,NAP,N,
005550025,00018,00555002500018,O,1955-01-01,NN,,,2024-03-22T15:40:57,false,4,,34,,,,ALL,DES FONTAINIERS,04000,DIGNE-LES-BAINS,,,04070,,,,,,,,,,,,,,,,,,,,,,2002-12-31,F,,,,,51.1N,NAF1993,O,
005550025,00026,00555002500026,O,2002-10-22,NN,,,2024-03-22T15:40:57,true,3,ZI ST CHRISTOPHE,,,,,RUE,FERDINAND DE LESSEPS,04000,DIGNE-LES-BAINS,,,04070,,,,,,,,,,,,,,,,,,,,,,2007-02-28,F,,,,,55.3A,NAFRev1,O,
005550058,00019,00555005800019,O,1955-01-01,NN,,,2024-03-22T15:40:57,true,4,,,,,,QUA,LES BONS ENFANTS,04200,PEIPIN,,,04145,,,,,,,,,,,,,,,,,,,,,,2006-12-29,F,,,,,45.2C,NAFRev1,N,
005550058,00027,00555005800027,O,1981-01-01,NN,,,2024-03-22T15:40:57,false,3,LA PIOLINE,155,,,,ALL,DES PLATANES LES MILLES,13080,AIX-EN-PROVENCE,,,13001,,,,,,,,,,,,,,,,,,,,,,2003-01-01,F,,,,,45.2C,NAF1993,N,
005550066,00012,00555006600012,O,,NN,,,2024-03-22T15:40:57,true,1,,,,,,QUAI,DU GAND,04200,SISTERON,,,04209,,,,,,,,,,,,,,,,,,,,,,1984-12-25,F,,,,,00.97,NAP,N,
005550082,00027,00555008200027,O,1984-01-01,NN,,,2024-03-22T15:40:57,true,4,,,,,,,ZONE ARTISANALE,04120,CASTELLANE,,,04039,,,,,,,,,,,,,,,,,,,,,,2004-04-01,F,,,,,45.2P,NAFRev1,O,
005550082,00035,00555008200035,O,2003-05-01,NN,,,2024-03-22T15:40:57,false,3,,519,,,,AV,ALLENDE SALVADOR,83300,DRAGUIGNAN,,,83050,,,,,,,,,,,,,,,,,,,,,,2004-04-01,F,,,,,45.2P,NAFRev1,O,
005550108,00012,00555010800012,O,1955-01-01,NN,,4932ZA,2024-03-22T15:40:57,true,5,SEYNE-LES-ALPES,,,,,PL,ARMES,04140,SEYNE,,,04205,,,,,,,,,,,,,,,,,,,,,,2017-12-31,F,,,,,49.32Z,NAFRev2,O,
005550116,00023,00555011600023,O,1983-07-01,NN,,,2024-03-22T15:40:57,true,4,,,,,,,Z I D UVERNET FOURS,04400,UVERNET-FOURS,,,04226,,,,,,,,,,,,,,,,,,,,,,2006-07-01,F,,,,,45.1A,NAFRev1,O,
005550124,00019,00555012400019,O,,NN,,,2024-03-22T15:40:57,true,1,,,,,,RTE,NATIONALE 96,04160,CHATEAU-ARNOUX-SAINT-AUBAN,,,04049,,,,,,,,,,,,,,,,,,,,,,,F,,,,,65.03,NAP,N,
005550157,00019,00555015700019,O,1900-01-01,NN,,,2024-03-22T15:40:57,true,4,,,,,,PL,TAMPINET,04000,DIGNE-LES-BAINS,,,04070,,,,,,,,,,,,,,,,,,,,,,2011-03-31,F,,,,,22.11Z,NAFRev2,N,
005550207,00012,00555020700012,O,,NN,,,2024-03-22T15:40:57,true,1,,,,,,,QU DE LA GARE GAUBERT,04000,DIGNE-LES-BAINS,,,04070,,,,,,,,,,,,,,,,,,,,,,1984-12-25,F,,,,,00.97,NAP,N,
005550231,00012,00555023100012,O,,NN,,,2024-03-22T15:40:57,true,1,,,,,,,,04700,ORAISON,,,04143,,,,,,,,,,,,,,,,,,,,,,,F,,,,,81.21,NAP,N,
005550256,00019,00555025600019,O,,NN,,,2024-03-22T15:40:57,true,1,,,,,,,,04210,VALENSOLE,,,04230,,,,,,,,,,,,,,,,,,,,,,1984-12-25,F,,,,,00.97,NAP,N,
005570122,00019,00557012200019,O,,NN,,,2024-03-30T03:50:06,true,1,,85,,,,AVENUE,DU GENERAL DE GAULLE,44500,LA BAULE-ESCOUBLAC,,,44055,,,,,440551380_B,292754.8716772857,6701053.24332338,,,,,,,,,,,,,,,1988-12-31,F,,,,,87.03,NAP,N,
005570296,00011,00557029600011,O,,NN,,,2024-03-29T23:14:36,true,1,,26,,,,RUE,PIERRE VERGNIAUD,44600,SAINT-NAZAIRE,,,44184,,,,,441844950_B,307640.14140310785,6700821.349136546,,,,,,,,,,,,,,,1990-06-30,F,,,,,81.21,NAP,N,
005570338,00011,00557033800011,O,,NN,,,2024-03-30T17:10:11,true,1,,,,,,RUE,DE REDON,44130,BLAIN,,,44015,,,,,440150660_B,340691.14030641393,6719515.444724521,,,,,,,,,,,,,,,1984-12-25,F,,,,,55.72,NAP,N,
005570361,00013,00557036100013,O,,NN,,,2024-03-30T09:03:48,true,1,,13,,,,AVENUE,ALBERT DE MUN,44600,SAINT-NAZAIRE,,,44184,,,,,441840060_B,306661.70010560466,6699371.352124807,,,,,,,,,,,,,,,1992-11-25,F,,,,,70.2C,NAF1993,N,
005570387,00018,00557038700018,O,,NN,,,2024-03-30T10:51:10,true,1,,,,,,RUE,D'ANJOU,44600,SAINT-NAZAIRE,,,44184,,,,,441840220_B,306459.61632409453,6699493.574409016,,,,,,,,,,,,,,,1984-12-25,F,,,,,62.11,NAP,N,
005570445,00014,00557044500014,O,,NN,,,2024-03-29T22:38:39,true,1,,5,,,,AVENUE,ROMANO,44500,LA BAULE-ESCOUBLAC,,,44055,,,,,440553230_B,291709.28519452387,6701321.0295160385,,,,,,,,,,,,,,,1989-12-31,F,,,,,58.04,NAP,N,
005570452,00010,00557045200010,O,,NN,,,2024-03-30T14:44:02,true,1,,,,,,RUE,DU PORT,44600,SAINT-NAZAIRE,,,44184,,,,,441845060_B,306947.9546867217,6698672.612294294,,,,,,,,,,,,,,,1984-12-25,F,,,,,79.06,NAP,N,
005570569,00011,00557056900011,O,1988-04-01,NN,,,2024-03-30T11:52:12,true,4,BESLE,37,,,,RUE,DU GENERAL DE GAULLE,44290,GUEMENE-PENFAO,,,44067,,,,,44067vc4n_B,335126.6840804709,6744159.601051209,,,,,,,,,,,,,,,1995-12-25,F,,,,,70.2C,NAF1993,N,
005570593,00011,00557059300011,O,,NN,,,2024-03-22T15:40:57,true,1,,,,,,,BOURG,44750,CAMPBON,,,44025,,,,,,,,,,,,,,,,,,,,,,1984-12-25,F,,,,,67.05,NAP,N,
005570601,00012,00557060100012,O,,NN,,,2024-03-22T15:40:57,true,1,,,,,,LD,LE DRESNY,44630,PLESSE,,,44128,,,,,,,,,,,,,,,,,,,,,,1984-12-25,F,,,,,62.43,NAP,N,
005570650,00027,00557065000027,O,,NN,,,2024-03-30T16:12:20,true,1,,31,,,,BOULEVARD,LEON GAMBETTA,44600,SAINT-NAZAIRE,,,44184,,,,,441843760_B,305872.19018964,6699381.573415982,,,,,,,,,,,,,,,,F,,,,,79.06,NAP,N,
005570718,00014,00557071800014,O,,NN,,,2024-03-30T17:22:10,true,1,,,,,,AVENUE,MARECHAL JOFFRE,44500,LA BAULE-ESCOUBLAC,,,44055,,,,,440552320_B,293106.86586986267,6701089.860357543,,,,,,,,,,,,,,,1984-12-25,F,,,,,00.10,NAP,N,
005570783,00018,00557078300018,O,,NN,,,2024-03-30T15:42:51,true,1,,142,,,,AVENUE,DE MAZY,44380,PORNICHET,,,44132,,,,,441320850_B,296279.2945378058,6699124.179071093,,,,,,,,,,,,,,,1991-12-31,F,,,,,87.06,NAP,N,
005570882,00026,00557088200026,O,,NN,,,2024-03-30T18:13:04,true,1,,13,,,,RUE,DE LA GARE,44740,BATZ-SUR-MER,,,44010,,,,,440100760_B,286123.388367505,6701010.761953094,,,,,,,,,,,,,,,1984-12-25,F,,,,,55.73,NAP,N,
005570916,00022,00557091600022,O,,NN,,,2024-03-30T01:43:48,true,1,,,,,,AVENUE,ALBERT DE MUN,44600,SAINT-NAZAIRE,,,44184,,,,,441840060_B,306358.6137320502,6699458.94805823,,,,,,,,,,,,,,,1984-12-25,F,,,,,86.04,NAP,N,
005570957,00018,00557095700018,O,,NN,,,2024-03-22T15:40:57,true,1,,,,,,,BOURG,44750,CAMPBON,,,44025,,,,,,,,,,,,,,,,,,,,,,1984-12-25,F,,,,,67.04,NAP,N,
005571104,00016,00557110400016,O,,NN,,,2024-03-30T06:50:12,true,1,,,,,,,LA MADELEINE,44350,GUERANDE,,,44069,,,,,44069B939_C,,,,,,,,,,,,,,,,,,F,,,,,00.10,NAP,N,
005571187,00011,00557118700011,O,,NN,,,2024-03-30T04:08:52,true,1,,1,,,,RUE,DU PORT,44420,LA TURBALLE,,,44211,,,,,442110830_B,284280.53961143363,6708649.33247469,,,,,,,,,,,,,,,1984-12-25,F,,,,,62.43,NAP,N,
005571195,00022,00557119500022,O,,NN,,,2024-04-25T09:29:51,true,1,,,,,,RUE,DE LA POSTE,44290,GUEMENE-PENFAO,,,44067,,,,,,,,,,,,,,,,,,,,,,1985-12-25,F,,,,,64.11,NAP,N,
005571344,00018,00557134400018,O,,NN,,,2024-03-30T16:50:47,true,1,,,,,,CITE,DE LA CHABOSSIERE,44220,COUERON,,,44047,,,,,44047A060_C,,,,,,,,,,,,,,,,,1985-12-25,F,,,,,00.10,NAP,N,
005571385,00011,00557138500011,O,,NN,,,2024-03-30T11:32:27,true,1,,,,,,AVENUE,DES IBIS,44500,LA BAULE-ESCOUBLAC,,,44055,,,,,440551760_B,292486.80545280117,6701131.595625649,,,,,,,,,,,,,,,1984-12-25,F,,,,,62.11,NAP,N,
005571435,00014,00557143500014,O,,NN,,,2024-03-30T07:30:38,true,1,,,,,,RUE,RENE LAENNEC,44480,DONGES,,,44052,,,,,440520600_B,316936.36602620676,6703291.867502458,,,,,,,,,,,,,,,1984-12-25,F,,,,,64.11,NAP,N,
005571450,00013,00557145000013,O,,NN,,,2024-03-30T15:41:52,true,1,,27,,,,RTE,DE NOZAY,44130,BLAIN,,,44015,,,,,440150480_C,,,,,,,,,,,,,,,,,1996-11-18,F,,,,,49.05,NAP,N,
005571534,00014,00557153400014,O,,NN,,,2024-03-30T03:52:14,true,1,,,,,,PLACE,SIMON,44290,GUEMENE-PENFAO,,,44067,,,,,440670420_B,337270.7005428386,6736425.24287899,,,,,,,,,,,,,,,1984-12-25,F,,,,,87.03,NAP,N,
005571559,00011,00557155900011,O,,NN,,,2024-03-30T10:40:40,true,1,,175,,,,RUE,DE PORNICHET,44600,SAINT-NAZAIRE,,,44184,,,,,441845040_B,304991.829616405,6697987.446705437,,,,,,,,,,,,,,,,F,,,,,64.11,NAP,N,
005571591,00014,00557159100014,O,,NN,,,2024-03-30T05:41:45,true,1,,,,,,RUE,AUGUSTE BAPTISTE LECHAT,44600,SAINT-NAZAIRE,,,44184,,,,,441840376_B,305805.5742051295,6699610.187436318,,,,,,,,,,,,,,,1984-12-25,F,,,,,64.41,NAP,N,
005571641,00017,00557164100017,O,,NN,,,2024-03-22T15:40:57,true,1,,,,,,LD,LA FOLAINE,44360,CORDEMAIS,,,44045,,,,,,,,,,,,,,,,,,,,,,,F,,,,,55.72,NAP,N,
005571674,00018,00557167400018,O,,NN,,,2024-03-22T15:40:57,true,1,,,,,,,BOURG,44290,PIERRIC,,,44123,,,,,,,,,,,,,,,,,,,,,,1984-12-25,F,,,,,21.01,NAP,N,
005571682,00011,00557168200011,O,,NN,,,2024-03-30T13:14:07,true,1,,24,,,,RUE,DE NANTES,44260,SAVENAY,,,44195,,,,,441951060_B,327216.184074612,6707277.693880313,,,,,,,,,,,,,,,,F,,,,,64.11,NAP,N,
005571708,00014,00557170800014,O,,NN,,,2024-03-30T18:41:18,true,1,,2,,,,RUE,SAINT-MICHEL,44350,GUERANDE,,,44069,,,,,440692180_B,290294.13290909515,6706021.338155896,,,,,,,,,,,,,,,1997-03-31,F,,,,,52.2C,NAF1993,O,
005571716,00017,00557171600017,O,1955-01-01,NN,,,2024-03-30T17:19:25,true,3,,,,,,PLACE,SIMON,44290,GUEMENE-PENFAO,,,44067,,,,,440670420_B,337270.7005428386,6736425.24287899,,,,,,,,,,,,,,,2003-01-05,F,,,,,55.4B,NAFRev1,N,
005571781,00011,00557178100011,O,,NN,,,2024-03-30T14:54:48,true,1,,98,,,,AVENUE,DE LA REPUBLIQUE,44600,SAINT-NAZAIRE,,,44184,,,,,441845330_B,306373.13017244166,6699896.378464397,,,,,,,,,,,,,,,,F,,,,,64.24,NAP,N,
005571799,00013,00557179900013,O,,NN,,,2024-03-22T15:40:57,true,1,,,,,,,BOURG,44360,VIGNEUX-DE-BRETAGNE,,,44217,,,,,,,,,,,,,,,,,,,,,,1989-06-30,F,,,,,52.6D,NAF1993,N,
005571807,00014,00557180700014,O,,NN,,,2024-03-30T17:44:54,true,1,,1,,,,AVENUE,VICE AMIRAL HALGAN,44480,DONGES,,,44052,,,,,440520740_B,316868.4122105167,6703104.004868618,,,,,,,,,,,,,,,1988-09-30,F,,,,,67.08,NAP,N,
005571823,00011,00557182300011,O,,NN,,,2024-03-30T16:23:31,true,1,,,,,,RUE,DE LA FORET,44130,BLAIN,,,44015,,,,,440150300_B,341322.00025116064,6719841.554599084,,,,,,,,,,,,,,,1984-12-25,F,,,,,64.22,NAP,N,
005571831,00014,00557183100014,O,,NN,,,2024-03-22T15:40:57,true,1,,,,,,,BOURG,44160,SAINTE-ANNE-SUR-BRIVET,,,44152,,,,,,,,,,,,,,,,,,,,,,,F,,,,,62.11,NAP,N,
005571880,00011,00557188000011,O,,NN,,,2024-03-30T18:24:22,true,1,,10,,,,RUE,GENERAL LECLERC,44510,LE POULIGUEN,,,44135,,,,,441350530_B,289926.73390791286,6700559.570178292,,,,,,,,,,,,,,,1989-02-01,F,,,,,81.21,NAP,N,
005571930,00014,00557193000014,O,,NN,,,2024-03-30T05:55:22,true,1,,2,,,,PL,SAINTE ANNE,44350,GUERANDE,,,44069,,,,,440692320_C,,,,,,,,,,,,,,,,,,F,,,,,81.21,NAP,N,
005571955,00011,00557195500011,O,,NN,,,2024-03-30T11:32:24,true,1,,6,,,,RUE,DE VERDUN,44160,PONTCHATEAU,,,44129,,,,,441290600_B,316668.3330462028,6716245.689714879,,,,,,,,,,,,,,,,F,,,,,64.11,NAP,N,
005571971,00018,00557197100018,O,,NN,,,2024-03-22T15:40:57,true,1,,,,,,LD,BESLON,44350,GUERANDE,,,44069,,,,,,,,,,,,,,,,,,,,,,1984-12-25,F,,,,,64.42,NAP,N,
005572029,00014,00557202900014,O,,NN,,,2024-03-30T12:15:14,true,1,,11,,,,RUE,DE BARDOUX,44130,BOUVRON,,,44023,,,,,440230013_B,334430.368411431,6713246.15961312,,,,,,,,,,,,,,,1990-03-31,F,,,,,64.42,NAP,N,
005572037,00017,00557203700017,O,,NN,,,2024-03-30T15:28:51,true,1,,,,,,RUE,JULES VERNE,44600,SAINT-NAZAIRE,,,44184,,,,,441843600_B,307873.64697274053,6701338.86572163,,,,,,,,,,,,,,,1984-12-25,F,,,,,38.40,NAP,N,
005572086,00014,00557208600014,O,,NN,,,2024-03-22T15:40:57,true,1,,,,,,LD,CRX LOURMEL,44460,FEGREAC,,,44057,,,,,,,,,,,,,,,,,,,,,,1990-04-02,F,,,,,22.02,NAP,N,
005572102,00019,00557210200019,O,,NN,,,2024-03-30T06:43:58,true,1,,4,,,,QUAI,HERVE RIELLE,44490,LE CROISIC,,,44049,,,,,440492lj6_B,284014.36217875854,6702514.7688327655,,,,,,,,,,,,,,,1988-04-30,F,,,,,67.04,NAP,N,
005572110,00012,00557211000012,O,,NN,,,2024-03-30T03:32:24,true,1,,15,,,,AVENUE,DU GENERAL DE GAULLE,44500,LA BAULE-ESCOUBLAC,,,44055,,,,,440551380_B,292709.0033908357,6700785.823633387,,,,,,,,,,,,,,,1989-02-22,F,,,,,87.06,NAP,N,
005572185,00014,00557218500014,O,,NN,,,2024-03-30T04:27:16,true,1,,,,,,BOULEVARD,DE LA LIBERATION,44220,COUERON,,,44047,,,,,440471356_B,345203.726258696,6689843.243382644,,,,,,,,,,,,,,,1985-12-25,F,,,,,69.23,NAP,N,
005572193,00018,00557219300018,O,,NN,,,2024-03-30T03:42:23,true,1,,,,,,RUE,DU CHATEAU,44130,BLAIN,,,44015,,,,,440150100_B,341331.478952896,6719081.853362551,,,,,,,,,,,,,,,1985-12-25,F,,,,,62.11,NAP,N,
005572235,00017,00557223500017,O,,NN,,,2024-03-30T01:35:19,true,1,,2,,,,RUE,DES CORDIERS,44490,LE CROISIC,,,44049,,,,,44049hd96_B,283750.13539746933,6702740.4650055,,,,,,,,,,,,,,,1984-12-25,F,,,,,66.01,NAP,N,
005572268,00018,00557226800018,O,,NN,,,2024-03-30T03:23:27,true,1,,,,,,RUE,MARCEL SEMBAT,44600,SAINT-NAZAIRE,,,44184,,,,,441844010_B,305077.69663772854,6697656.021217762,,,,,,,,,,,,,,,1984-12-25,F,,,,,15.09,NAP,N,
005572326,00014,00557232600014,O,,NN,,,2024-03-30T14:14:03,true,1,,19,,,,RUE,JOLIOT-CURIE,44720,SAINT-JOACHIM,,,44168,,,,,441680190_B,307968.4144730396,6710758.780841421,,,,,,,,,,,,,,,,F,,,,,64.11,NAP,N,
005572466,00026,00557246600026,P,1989-01-01,NN,,,2024-03-30T00:11:51,true,1,[ND],[ND],[ND],[ND],[ND],[ND],[ND],[ND],LE CROISIC,,[ND],44049,[ND],[ND],,,[ND],[ND],[ND],[ND],[ND],[ND],[ND],[ND],[ND],,,[ND],,[ND],[ND],,,1999-12-31,F,[ND],[ND],[ND],[ND],70.2A,NAF1993,N,
005572490,00018,00557249000018,O,,NN,,,2024-03-30T09:10:08,true,1,,107,,,,ROUTE,DE VANNES,44160,PONTCHATEAU,,,44129,,,,,441290590_B,315427.1795861249,6716952.327464075,,,,,,,,,,,,,,,1989-07-05,F,,,,,81.21,NAP,N,
005572508,00017,00557250800017,P,1955-01-01,NN,,,2024-03-30T16:28:24,false,3,[ND],[ND],[ND],[ND],[ND],[ND],[ND],[ND],LE POULIGUEN,,[ND],44135,[ND],[ND],,,[ND],[ND],[ND],[ND],[ND],[ND],[ND],[ND],[ND],,,[ND],,[ND],[ND],,,2005-09-30,F,[ND],[ND],[ND],[ND],70.2C,NAFRev1,N,
005572508,00025,00557250800025,P,1989-01-01,NN,,,2025-12-05T15:44:34,true,3,[ND],[ND],[ND],[ND],[ND],[ND],[ND],[ND],LE POULIGUEN,,[ND],44135,[ND],[ND],,,[ND],[ND],[ND],[ND],[ND],[ND],[ND],[ND],[ND],,,[ND],,[ND],[ND],,,2008-01-01,A,[ND],[ND],[ND],[ND],68.20A,NAFRev2,N,68.20G
005572607,00025,00557260700025,O,,NN,,,2024-03-29T23:59:09,true,1,,17,,,,RUE,JOLIOT-CURIE,44720,SAINT-JOACHIM,,,44168,,,,,441680190_B,307972.3805572831,6710747.831945093,,,,,,,,,,,,,,,,F,,,,,38.40,NAP,N,
005572615,00010,00557261500010,O,,NN,,,2024-03-22T15:40:57,true,1,,,,,,LD,LA GUESNE,44480,DONGES,,,44052,,,,,,,,,,,,,,,,,,,,,,1984-12-25,F,,,,,62.43,NAP,N,
005572680,00014,00557268000014,O,,NN,,,2024-03-22T15:40:57,true,1,,,,,,AV,DES TILLEULS,44500,LA BAULE-ESCOUBLAC,,,44055,,,,,,,,,,,,,,,,,,,,,,1984-12-25,F,,,,,67.04,NAP,N,
005572706,00017,00557270600017,O,,NN,,,2024-03-30T18:20:14,true,1,,57,,,,AVENUE,ALBERT DE MUN,44600,SAINT-NAZAIRE,,,44184,,,,,441840060_B,306219.3659021438,6699481.84529756,,,,,,,,,,,,,,,,F,,,,,64.11,NAP,N,
005572714,00011,00557271400011,O,,NN,,,2024-03-30T17:01:20,true,1,,8,,,,BOULEVARD,DE MER,44740,BATZ-SUR-MER,,,44010,,,,,440101220_B,285591.4319244057,6700427.990359817,,,,,,,,,,,,,,,1992-06-30,F,,,,,70.2C,NAF1993,N,
005572789,00013,00557278900013,O,,NN,,,2024-03-22T15:40:57,true,1,,,,,,LD,LA MEULE,44290,MASSERAC,,,44092,,,,,,,,,,,,,,,,,,,,,,1984-12-25,F,,,,,64.46,NAP,N,
005572920,00014,00557292000014,O,,NN,,,2024-03-29T22:56:59,true,1,,,,,,AVENUE,HENRI,44380,PORNICHET,,,44132,,,,,441320640_B,297024.8282812743,6697397.678547894,,,,,,,,,,,,,,,1985-12-25,F,,,,,67.04,NAP,N,
005573035,00010,00557303500010,O,,NN,,,2024-03-30T15:40:06,true,1,,,,,,,LE GUESNY,44350,GUERANDE,,,44069,,,,,44069B525_C,,,,,,,,,,,,,,,,,1984-12-25,F,,,,,55.40,NAP,N,
005573100,00012,00557310000012,O,,NN,,,2024-03-30T06:51:53,true,1,,,,,,,ST ROCH,44160,PONTCHATEAU,,,44129,,,,,44129B382_C,,,,,,,,,,,,,,,,,1984-12-25,F,,,,,67.04,NAP,N,
005573183,00018,00557318300018,O,,NN,,,2024-03-30T04:10:37,true,1,,4,,,,QUAI,DE VERDUN,44420,PIRIAC-SUR-MER,,,44125,,,,,441250630_B,282012.4268748679,6712510.217995432,,,,,,,,,,,,,,,1988-12-31,F,,,,,64.23,NAP,N,
005573373,00015,00557337300015,O,,NN,,,2024-03-30T00:58:43,true,1,,23,,,,BOULEVARD,DE LA RENAISSANCE,44600,SAINT-NAZAIRE,,,44184,,,,,441845260_B,306199.34908435104,6699988.019370601,,,,,,,,,,,,,,,1993-09-30,F,,,,,74.1C,NAF1993,N,
005573415,00014,00557341500014,O,,NN,,,2024-03-22T15:40:57,true,1,,1,,,,RUE,DU RUA,44410,LA CHAPELLE-DES-MARAIS,,,44030,,,,,,,,,,,,,,,,,,,,,,1985-12-25,F,,,,,87.03,NAP,N,
005573522,00017,00557352200017,O,,NN,,,2024-03-30T08:21:05,true,1,,10,,,,PLACE,JEAN GUIHARD,44130,BLAIN,,,44015,,,,,440150360_B,341366.7298572737,6719199.474577646,,,,,,,,,,,,,,,1992-06-30,F,,,,,52.4C,NAF1993,N,
005573720,00017,00557372000017,O,,NN,,,2024-03-22T15:40:57,true,1,,,,,,LD,POMPAS,44410,HERBIGNAC,,,44072,,,,,,,,,,,,,,,,,,,,,,1989-03-30,F,,,,,67.05,NAP,N,
005573761,00011,00557376100011,O,,NN,,,2024-03-30T00:40:36,true,1,,,,,,AVENUE,DU GENERAL DE GAULLE,44380,PORNICHET,,,44132,,,,,441320550_B,296497.2002306669,6698610.0782103855,,,,,,,,,,,,,,,1984-12-25,F,,,,,67.04,NAP,N,
005573779,00013,00557377900013,O,,NN,,,2024-03-30T00:19:52,true,1,,,,,,BOULEVARD,DE LA LIBERATION,44220,COUERON,,,44047,,,,,440471356_B,345203.726258696,6689843.243382644,,,,,,,,,,,,,,,1984-12-25,F,,,,,64.42,NAP,N,
005573811,00014,00557381100014,O,,NN,,,2024-03-22T15:40:57,true,1,,,,,,LD,ST SEBASTIEN,44380,PORNICHET,,,44132,,,,,,,,,,,,,,,,,,,,,,1984-12-25,F,,,,,64.11,NAP,N,
005573878,00013,00557387800013,O,,NN,,,2024-03-29T23:19:11,true,1,,,,,,RUE,SAINT-MICHEL,44350,GUERANDE,,,44069,,,,,440692180_B,290360.3057735758,6705993.955787389,,,,,,,,,,,,,,,1984-12-25,F,,,,,81.21,NAP,N,
005573969,00010,00557396900010,O,,NN,,,2024-03-22T15:40:57,true,1,,,,,,LD,LA STATION,44530,SEVERAC,,,44196,,,,,,,,,,,,,,,,,,,,,,1990-09-17,F,,,,,62.11,NAP,N,
005574017,00017,00557401700017,O,,NN,,,2024-03-30T11:04:35,true,1,,1,,,,RUE,CHARLES BRUNELIERE,44570,TRIGNAC,,,44210,,,,,442100120_B,308403.5408671906,6703585.645778106,,,,,,,,,,,,,,,1988-01-04,F,,,,,64.30,NAP,N,
005574025,00010,00557402500010,O,,NN,,,2024-03-22T15:40:57,true,1,,,,,,,BOURG,44460,FEGREAC,,,44057,,,,,,,,,,,,,,,,,,,,,,,F,,,,,62.43,NAP,N,
005574058,00029,00557405800029,O,,NN,,,2024-03-30T19:05:21,true,1,,,,,,,LA VILLE HEULIN,44600,SAINT-NAZAIRE,,,44184,,,,,44184B437_C,,,,,,,,,,,,,,,,,1984-12-25,F,,,,,55.60,NAP,N,
005574132,00014,00557413200014,O,1955-01-01,NN,,,2024-03-30T12:55:08,true,1,,26,,,,AVENUE,DU GENERAL DE GAULLE,44500,LA BAULE-ESCOUBLAC,,,44055,,,,,440551380_B,292740.8810076184,6700873.049574501,,,,,,,,,,,,,,,2000-12-31,F,,,,,70.3A,NAF1993,N,
005574173,00018,00557417300018,O,,NN,,,2024-03-30T04:53:55,true,1,,,,,,RUE,DE LA PAIX ET DES ARTS,44600,SAINT-NAZAIRE,,,44184,,,,,441844540_B,306186.73098779056,6699302.2124787625,,,,,,,,,,,,,,,1984-12-25,F,,,,,66.03,NAP,N,
005574249,00024,00557424900024,O,,NN,,,2024-03-30T12:46:32,true,1,,,,,,PLACE,DE LA GARE,44480,DONGES,,,44052,,,,,440520320_B,316954.7154025397,6703082.978237141,,,,,,,,,,,,,,,1984-12-25,F,,,,,64.49,NAP,N,
005574389,00010,00557438900010,O,,NN,,,2024-03-30T10:59:18,true,1,,,,,,AVENUE,DU GENERAL DE GAULLE,44500,LA BAULE-ESCOUBLAC,,,44055,,,,,440551380_B,292754.47402242455,6701015.3034819905,,,,,,,,,,,,,,,1984-12-25,F,,,,,86.04,NAP,N,
005574405,00014,00557440500014,O,,NN,,,2024-03-30T07:38:08,true,1,,,,,,AVENUE,LOUIS LAJARRIGE,44500,LA BAULE-ESCOUBLAC,,,44055,,,,,440552180_B,294476.43173015595,6700504.20608254,,,,,,,,,,,,,,,1985-12-25,F,,,,,55.73,NAP,N,
005574454,00012,00557445400012,O,,NN,,,2024-03-30T15:42:17,true,1,,,,,,,LES COTTAGES,44160,PONTCHATEAU,,,44129,,,,,44129B133_C,,,,,,,,,,,,,,,,,1985-12-25,F,,,,,64.11,NAP,N,
005574488,00010,00557448800010,O,,NN,,,2024-03-22T15:40:57,true,1,,,,,,RUE,PRINCIPALE,44130,LE GAVRE,,,44062,,,,,,,,,,,,,,,,,,,,,,1989-12-15,F,,,,,67.08,NAP,N,
005574546,00015,00557454600015,O,,NN,,,2024-03-30T10:00:44,true,1,,,,,,RUE,DE TOUTES AIDES,44600,SAINT-NAZAIRE,,,44184,,,,,441845670_B,305805.9959748834,6699923.313024612,,,,,,,,,,,,,,,1984-12-25,F,,,,,87.03,NAP,N,
005574678,00016,00557467800016,O,,NN,,,2024-03-30T17:09:05,true,1,,10,,,,RUE,MAURICE SAMBRON,44160,PONTCHATEAU,,,44129,,,,,441290330_B,316576.09043756616,6716381.108228267,,,,,,,,,,,,,,,1989-06-30,F,,,,,64.23,NAP,N,
005574736,00012,00557473600012,O,,NN,,,2024-03-22T15:40:57,true,1,,,,,,LD,LE POTEAU VERT,44460,SAINT-NICOLAS-DE-REDON,,,44185,,,,,,,,,,,,,,,,,,,,,,1988-03-31,F,,,,,67.01,NAP,N,
005574793,00013,00557479300013,O,1955-01-01,NN,,,2024-03-29T23:10:36,true,1,,6,,,,RUE,DE LA VILLE HALLUARD,44600,SAINT-NAZAIRE,,,44184,,,,,441845950_B,306948.7815492069,6700105.273389253,,,,,,,,,,,,,,,2001-12-31,F,,,,,70.2C,NAF1993,N,
005574942,00016,00557494200016,O,,NN,,,2024-03-30T14:25:14,true,1,,,,,,RUE,SAINT-MICHEL,44350,GUERANDE,,,44069,,,,,440692180_B,290360.3057735758,6705993.955787389,,,,,,,,,,,,,,,1984-12-25,F,,,,,81.21,NAP,N,
005574975,00016,00557497500016,O,,NN,,,2024-03-30T05:36:41,true,1,,,,,,AVENUE,DE SAINT SEBASTIEN,44380,PORNICHET,,,44132,,,,,441321381_B,297578.88422028633,6697679.756202255,,,,,,,,,,,,,,,1984-12-25,F,,,,,62.11,NAP,N,
005575170,00013,00557517000013,O,,NN,,,2024-03-22T15:40:57,true,1,,,,,,LD,LE PONT D ARMES,44410,ASSERAC,,,44006,,,,,,,,,,,,,,,,,,,,,,1982-12-29,F,,,,,81.21,NAP,N,
005575188,00015,00557518800015,O,,NN,,,2024-03-30T04:31:41,true,1,,,,,,,SAINT EMILIEN,44130,BLAIN,,,44015,,,,,44015B792_B,345008.3983066645,6714226.511354999,,,,,,,,,,,,,,,1985-12-25,F,,,,,64.11,NAP,N,
005575246,00011,00557524600011,O,,NN,,,2024-03-22T15:40:57,true,1,,21,,,,RUE,DE L EGLISE,44260,SAVENAY,,,44195,,,,,,,,,,,,,,,,,,,,,,1988-02-05,F,,,,,81.21,NAP,N,
005575360,00010,00557536000010,O,,NN,,,2024-03-30T09:01:00,true,1,,,,,,AVENUE,DE JOYEUSE,44500,LA BAULE-ESCOUBLAC,,,44055,,,,,44055j9y56k_B,291251.1775771653,6701001.286642117,,,,,,,,,,,,,,,1984-12-25,F,,,,,60.10,NAP,N,
005575386,00015,00557538600015,O,,NN,,,2024-03-30T11:31:31,true,1,,,,,,BOULEVARD,VICTOR HUGO,44600,SAINT-NAZAIRE,,,44184,,,,,441845840_B,305968.40255551046,6699714.7440455835,,,,,,,,,,,,,,,1985-12-25,F,,,,,62.44,NAP,N,
005575485,00015,00557548500015,O,1900-01-01,NN,,,2024-03-22T15:40:57,false,3,,,,,,LD,QUIMIAC,44420,MESQUER,,,44097,,,,,,,,,,,,,,,,,,,,,,1992-12-25,F,,,,,50.5Z,NAF1993,N,
005575485,00023,00557548500023,O,1992-03-31,NN,,,2024-03-30T16:06:13,true,3,QUIMIAC,,,,,BOULEVARD,DE L'OCEAN,44420,MESQUER,,,44097,,,,,44097gv1yo0_B,286472.91290409875,6715293.848480439,,,,,,,,,,,,,,,2001-12-31,F,,,,,70.2A,NAF1993,N,
005575501,00019,00557550100019,O,,NN,,,2024-03-30T17:26:05,true,1,,59,,,,RUE,JEAN JAURES,44220,COUERON,,,44047,,,,,440471240_B,342829.676809668,6689806.196794063,,,,,,,,,,,,,,,,F,,,,,62.11,NAP,N,
005575535,00017,00557553500017,O,,NN,,,2024-03-30T04:27:33,true,1,,,,,,RUE,DE LA PAIX,44360,SAINT-ETIENNE-DE-MONTLUC,,,44158,,,,,441581280_B,338781.302593127,6697111.058891921,,,,,,,,,,,,,,,1984-12-25,F,,,,,38.50,NAP,N,
005575543,00011,00557554300011,O,,NN,,,2024-03-30T09:25:50,true,1,,,,,,BOULEVARD,HENNECART,44500,LA BAULE-ESCOUBLAC,,,44055,,,,,440551640_B,292740.8164775507,6700750.245754334,,,,,,,,,,,,,,,,F,,,,,81.21,NAP,N,
005575741,00011,00557574100011,O,,NN,,,2024-03-22T15:40:57,true,1,,,,,,,BOURG,44530,GUENROUET,,,44068,,,,,,,,,,,,,,,,,,,,,,,F,,,,,62.43,NAP,N,
005575832,00018,00557583200018,O,,NN,,,2024-03-30T11:04:19,true,1,,,,,,AVENUE,DE LA REPUBLIQUE,44600,SAINT-NAZAIRE,,,44184,,,,,441845330_B,306283.95956953056,6699592.571782289,,,,,,,,,,,,,,,1984-12-25,F,,,,,87.06,NAP,N,
005575899,00017,00557589900017,O,,NN,,,2024-03-30T06:22:45,true,1,,,,,,AVENUE,DE LA REPUBLIQUE,44600,SAINT-NAZAIRE,,,44184,,,,,441845330_B,306283.95956953056,6699592.571782289,,,,,,,,,,,,,,,1984-12-25,F,,,,,64.11,NAP,N,
005575907,00018,00557590700018,O,,NN,,,2024-03-22T15:40:57,true,1,,,,,,,BOURG,44750,QUILLY,,,44139,,,,,,,,,,,,,,,,,,,,,,,F,,,,,57.06,NAP,N,
005576053,00010,00557605300010,O,,NN,,,2024-03-30T18:41:04,true,1,,11,,,,RUE,GABRIEL PERI,44600,SAINT-NAZAIRE,,,44184,,,,,441842390_B,306672.40259597095,6699962.436226103,,,,,,,,,,,,,,,,F,,,,,62.11,NAP,N,
005576145,00014,00557614500014,O,,NN,,,2024-03-30T08:25:54,true,1,,36,,,,RUE,RENE GUILLOUZO,44600,SAINT-NAZAIRE,,,44184,,,,,441845300_B,306201.9281157488,6699768.096734723,,,,,,,,,,,,,,,1995-05-09,F,,,,,70.2C,NAF1993,N,
005576160,00013,00557616000013,O,1955-01-01,NN,,,2024-03-30T11:49:02,true,1,,36,,,,AVENUE,DU GENERAL DE GAULLE,44600,SAINT-NAZAIRE,,,44184,,,,,441842457_B,306349.87741419487,6698959.90894587,,,,,,,,,,,,,,,1999-03-30,F,,,,,70.2C,NAF1993,N,
005576178,00015,00557617800015,O,,NN,,,2024-03-30T05:28:25,true,1,,,,,,AVENUE,JULES VERNE,44500,LA BAULE-ESCOUBLAC,,,44055,,,,,440551910_B,296017.3652963186,6699549.42557438,,,,,,,,,,,,,,,1984-12-25,F,,,,,62.11,NAP,N,
005576186,00018,00557618600018,O,,NN,,,2024-03-30T04:12:24,true,1,,2,,,,RUE,DU CLOS DU BOIS,44160,PONTCHATEAU,,,44129,,,,,441290133_B,315896.32520649635,6716509.634823945,,,,,,,,,,,,,,,1995-03-31,F,,,,,55.4B,NAF1993,N,
005576194,00012,00557619400012,O,,NN,,,2024-03-22T15:40:57,true,1,,,,,,,BOURG,44117,SAINT-ANDRE-DES-EAUX,,,44151,,,,,,,,,,,,,,,,,,,,,,1984-12-25,F,,,,,62.11,NAP,N,
005576210,00016,00557621000016,O,,NN,,,2024-03-30T08:48:46,true,1,,,,,,RUE,DE LA MARNE,44220,COUERON,,,44047,,,,,440471460_B,342226.21665022295,6689656.078399786,,,,,,,,,,,,,,,1984-12-25,F,,,,,64.22,NAP,N,
005576236,00011,00557623600011,O,,NN,,,2024-03-30T01:31:41,true,1,,22,,,,RUE,SAINT MARTIN,44480,DONGES,,,44052,,,,,440520620_B,317003.69972938305,6703261.932816895,,,,,,,,,,,,,,,,F,,,,,64.22,NAP,N,
005576244,00015,00557624400015,O,,NN,,,2024-03-22T15:40:57,true,1,,,,,,LD,LE GOUX,44260,MALVILLE,,,44089,,,,,,,,,,,,,,,,,,,,,,1990-09-29,F,,,,,55.71,NAP,N,
005576319,00015,00557631900015,O,,NN,,,2024-03-30T07:49:54,true,1,,,,,,AVENUE,DE PENHOET,44600,SAINT-NAZAIRE,,,44184,,,,,441844650_B,307565.00020761695,6700687.92734339,,,,,,,,,,,,,,,1984-12-25,F,,,,,62.11,NAP,N,
005576343,00015,00557634300015,O,,NN,,,2024-03-30T16:10:57,true,1,,,,,,PLACE,JEAN GUIHARD,44130,BLAIN,,,44015,,,,,440150360_B,341390.9544080336,6719173.304198974,,,,,,,,,,,,,,,1984-12-25,F,,,,,81.21,NAP,N,
005576376,00015,00557637600015,O,1900-01-01,NN,,,2024-03-29T23:50:59,true,3,,24,,,,ESPLANADE,FRANCOIS ANDRE,44500,LA BAULE-ESCOUBLAC,,,44055,,,,,440551317_B,291978.6006137575,6700761.338622455,,,,,,,,,,,,,,,1992-07-08,F,,,,,52.4J,NAF1993,N,
005576699,00010,00557669900010,O,,NN,,,2024-03-30T10:50:11,true,1,,,,,,AVENUE,DE LA REPUBLIQUE,44600,SAINT-NAZAIRE,,,44184,,,,,441845330_B,306283.95956953056,6699592.571782289,,,,,,,,,,,,,,,1984-12-25,F,,,,,81.21,NAP,N,
005576798,00010,00557679800010,O,,NN,,,2024-03-29T23:18:18,true,1,,78,,,,RUE,JEAN JAURES,44600,SAINT-NAZAIRE,,,44184,,,,,441843360_B,306167.1487141227,6699640.81621839,,,,,,,,,,,,,,,1988-03-31,F,,,,,64.11,NAP,N,
005576814,00015,00557681400015,O,,NN,,,2024-03-22T15:40:57,true,1,,14,,,,AV,DU VICE AMIRAL HALGAN,44480,DONGES,,,44052,,,,,,,,,,,,,,,,,,,,,,1987-12-25,F,,,,,55.72,NAP,N,
005576889,00017,00557688900017,O,,NN,,,2024-03-30T18:25:31,true,1,,2,,,,BOULEVARD,ALBERT 1ER,44600,SAINT-NAZAIRE,,,44184,,,,,441840070_B,305844.3096721425,6698378.503845537,,,,,,,,,,,,,,,1984-12-25,F,,,,,64.49,NAP,N,
005576913,00015,00557691300015,O,,NN,,,2024-03-30T02:16:19,true,1,,,,,,PL,DU CHAMP DE MARS,44220,COUERON,,,44047,,,,,440470530_C,,,,,,,,,,,,,,,,,1984-12-25,F,,,,,64.30,NAP,N,
005576962,00012,00557696200012,O,,NN,,,2024-03-30T17:48:24,true,1,,19,,,,RUE,DE NANTES,44360,LE TEMPLE-DE-BRETAGNE,,,44203,,,,,442030244_B,338416.5198967979,6702928.410180441,,,,,,,,,,,,,,,1984-12-25,F,,,,,67.04,NAP,N,
005577028,00011,00557702800011,O,,NN,,,2024-03-22T15:40:57,true,1,,,,,,,BOURG,44130,FAY-DE-BRETAGNE,,,44056,,,,,,,,,,,,,,,,,,,,,,1991-06-30,F,,,,,21.01,NAP,N,
005577051,00021,00557705100021,O,,NN,,,2024-03-30T18:55:43,true,1,,14,,,,BOULEVARD,DES OCEANIDES,44380,PORNICHET,,,44132,,,,,441321040_B,296404.54584692954,6698189.943942673,,,,,,,,,,,,,,,1991-03-16,F,,,,,81.11,NAP,N,
005577119,00018,00557711900018,O,,NN,,,2024-03-22T15:40:57,true,1,,,,,,,L ENFER NEUF,44550,MONTOIR-DE-BRETAGNE,,,44103,,,,,,,,,,,,,,,,,,,,,,1989-05-02,F,,,,,55.60,NAP,N,
005577143,00018,00557714300018,O,,NN,,,2024-03-30T09:07:16,true,1,,,,,,AVENUE,DES IBIS,44500,LA BAULE-ESCOUBLAC,,,44055,,,,,440551760_B,292486.80545280117,6701131.595625649,,,,,,,,,,,,,,,1985-12-25,F,,,,,62.11,NAP,N,
005577168,00015,00557716800015,O,,NN,,,2024-03-30T12:25:31,true,1,,61,,,,AVENUE,ALBERT DE MUN,44600,SAINT-NAZAIRE,,,44184,,,,,441840060_B,306186.03716110747,6699489.94899441,,,,,,,,,,,,,,,,F,,,,,81.21,NAP,N,
005577200,00016,00557720000016,O,,NN,,,2024-03-30T06:42:01,true,1,,108,,,,RUE,JOLIOT-CURIE,44720,SAINT-JOACHIM,,,44168,,,,,441680190_B,307870.9880431518,6711045.972640019,,,,,,,,,,,,,,,1985-12-25,F,,,,,67.08,NAP,N,
005577325,00029,00557732500029,O,1994-01-03,NN,,,2024-03-30T14:30:16,true,4,,32,,,,RUE,SAINT-MICHEL,44350,GUERANDE,,,44069,,,,,440692180_B,290393.534089301,6705974.075438629,,,,,,,,,,,,,,,2020-12-25,F,,,,,68.20B,NAFRev2,N,
005580055,00019,00558005500019,O,,NN,,,2024-03-22T15:40:57,true,1,,8,,,,RUE,DELESTAGE,44510,LE POULIGUEN,,,44135,,,,,,,,,,,,,,,,,,,,,,1984-12-25,F,,,,,55.73,NAP,N,
005580071,00016,00558007100016,O,,NN,,,2024-03-22T15:40:57,true,1,,88,,,,AV,ALBERT DE MUN,44600,SAINT-NAZAIRE,,,44184,,,,,,,,,,,,,,,,,,,,,,1990-12-31,F,,,,,64.12,NAP,N,
005580113,00032,00558011300032,O,1985-03-01,NN,,,2024-03-30T02:41:32,false,5,N°26 AU N°30,30,,,,AVENUE,LEON BLUM,44600,SAINT-NAZAIRE,,,44184,,,,,441843740_B,306187.75048596197,6698903.94308531,,,,,,,,,,,,,,,2018-12-20,F,,,,,68.20A,NAFRev2,O,
005580113,00040,00558011300040,O,2018-12-20,01,2023,,2025-12-06T01:11:18,true,2,,13,,,,AVENUE,BARBARA,44570,TRIGNAC,,,44210,,,,,442100039_B,306887.9968967909,6701537.780741722,,,,,,,,,,,,,,,2018-12-31,A,,,,,41.10A,NAFRev2,O,68.20G
005580121,00019,00558012100019,O,1900-01-01,NN,,,2024-03-30T04:43:55,false,4,,101,,,,QUAI,DES FREGATES,44600,SAINT-NAZAIRE,,,44184,,,,,441842309_C,,,,,,,,,,,,,,,,,2008-06-03,F,,,,,68.20B,NAFRev2,N,
005580121,00035,00558012100035,O,1900-01-01,NN,,,2024-03-30T04:14:24,false,4,,2,,,,RUE,VICTOR FENOUX,29200,BREST,,,29019,,,,,290195150_B,147423.77445017442,6835639.084374874,,,,,,,,,,,,,,,2008-06-03,F,AFO,,,,68.20B,NAFRev2,N,
005580121,00043,00558012100043,O,1900-01-01,NN,,,2024-03-30T04:34:06,false,4,,,,,,BOULEVARD,DE STALINGRAD,76120,LE GRAND-QUEVILLY,,,76322,,,,,763221440_B,556136.9258814387,6925329.284481765,,,,,,,,,,,,,,,2008-06-03,F,,,,,68.20B,NAFRev2,N,
005580121,00068,00558012100068,O,1900-01-01,NN,,,2024-03-30T04:34:06,false,4,,,,,,RUE,EDOUARD LAVOINE,76200,DIEPPE,,,76217,,,,,762171040_B,562294.330591416,6982492.366831973,,,,,,,,,,,,,,,2008-06-03,F,,,,,68.20B,NAFRev2,N,
005580121,00100,00558012100100,O,1979-12-15,NN,,,2024-03-30T04:34:06,true,4,,15,,,,BOULEVARD,DE L'AMIRAL BRUIX,75016,PARIS,,,75116,,,,,751160279_B,647342.0383343688,6864229.987123296,,,,,,,,,,,,,,,2008-06-03,F,,,,,33.15Z,NAFRev2,N,
005580121,00126,00558012100126,O,1981-01-15,NN,,,2024-03-30T04:34:06,false,4,,,,,,RUE,BELLOT,76600,LE HAVRE,,,76351,,,,,763510776_B,491813.9973690834,6935522.079264739,,,,,,,,,,,,,,,2008-06-03,F,,,,,68.20B,NAFRev2,N,
005580121,00134,00558012100134,O,1983-02-07,NN,,,2024-03-30T04:34:06,false,4,,,,,,ROUTE,DES DOCKS FLOTTANTS,59140,DUNKERQUE,,,59183,,,,,591830412_B,655152.0866560892,7106338.064272124,,,,,,,,,,,,,,,2008-06-03,F,,,,,68.20B,NAFRev2,N,
005580147,00030,00558014700030,O,,NN,,,2024-03-22T15:40:57,true,1,,,,,,RUE,RENE GUY CADOU,44600,SAINT-NAZAIRE,,,44184,,,,,,,,,,,,,,,,,,,,,,1985-12-25,F,,,,,69.11,NAP,N,
005580154,00036,00558015400036,O,1993-11-23,NN,,,2024-03-30T09:04:46,true,3,,10,,,,RUE,DES USINES,44100,NANTES,,,44109,,,,,441098280_B,352228.6925724055,6687463.315881516,,,,,,,,,,,,,,,1996-11-07,F,,,,,74.1J,NAF1993,N,
005580204,00013,00558020400013,O,,NN,,,2024-03-22T15:40:57,true,1,,,,,,,LA ROCHE,44360,SAINT-ETIENNE-DE-MONTLUC,,,44158,,,,,,,,,,,,,,,,,,,,,,1999-02-27,F,,,,,70.2C,NAF1993,N,
005580212,00016,00558021200016,O,,NN,,,2024-03-22T15:40:57,true,1,,32,,,,AV,DE LA REPUBLIQUE,44600,SAINT-NAZAIRE,,,44184,,,,,,,,,,,,,,,,,,,,,,,F,,,,,81.21,NAP,N,
005580238,00011,00558023800011,O,,NN,,,2024-03-22T15:40:57,true,1,,,,,,AV,DU GENERAL DE GAULLE,44500,LA BAULE-ESCOUBLAC,,,44055,,,,,,,,,,,,,,,,,,,,,,1984-12-25,F,,,,,64.21,NAP,N,
005580261,00013,00558026100013,O,,NN,,,2024-03-22T15:40:57,true,1,,9,,,,RUE,MAURICE SAMBRON,44160,PONTCHATEAU,,,44129,,,,,,,,,,,,,,,,,,,,,,1987-12-25,F,,,,,81.21,NAP,N,
005580295,00011,00558029500011,O,,NN,,,2024-03-22T15:40:57,true,1,,33,,,,AV,DU GENERAL DE GAULLE,44500,LA BAULE-ESCOUBLAC,,,44055,,,,,,,,,,,,,,,,,,,,,,,F,,,,,63.3Z,NAFRev1,N,
005580329,00018,00558032900018,O,,NN,,,2024-03-22T15:40:57,true,1,,,,,,AV,DU GENERAL DE GAULLE,44600,SAINT-NAZAIRE,,,44184,,,,,,,,,,,,,,,,,,,,,,1984-12-25,F,,,,,97.12,NAP,N,
005580345,00022,00558034500022,O,1983-11-14,NN,,,2024-03-22T15:40:57,false,5,VOIE EXPRESSE,40,,,,BD,DE SAINT NAZAIRE,44380,PORNICHET,,,44132,,,,,,,,,,,,,,,,,,,,,,2008-01-01,F,,,,,74.90A,NAFRev2,N,
005580345,00030,00558034500030,O,2008-01-01,NN,,,2024-03-22T15:40:57,true,2,ZI DE BRAIS,10,,,,RUE,ANDERS CELSIUS,44600,SAINT-NAZAIRE,,,44184,,,,,,,,,,,,,,,,,,,,,,2012-04-25,F,,,,,74.90A,NAFRev2,N,
005580436,00011,00558043600011,O,1955-01-01,NN,,,2024-03-30T07:50:04,false,6,,,,,,BOULEVARD,DES APPRENTIS,44600,SAINT-NAZAIRE,,,44184,,,,,441840290_B,308297.4670752767,6701150.3328642575,,,,,,,,,,,,,,,2009-12-02,F,,,,,70.22Z,NAFRev2,O,
005580436,00052,00558043600052,O,2009-12-02,NN,,,2024-03-30T07:50:05,false,2,,94,,,,BOULEVARD,FLANDRIN,75016,PARIS,,,75116,,,,,751163663_B,646896.4626400267,6863680.495179207,,,,,,,,,,,,,,,2012-07-06,F,,,,,70.22Z,NAFRev2,O,
005580436,00060,00558043600060,O,2012-07-06,NN,,,2025-12-06T00:29:24,true,1,,,,,,RUE,DE SAINT-FIACRE,85640,MOUCHAMPS,,,85153,,,,,851530491_B,390245.5160514251,6638530.901589744,,,,,,,,,,,,,,,2012-07-06,A,,,,,70.22Z,NAFRev2,N,70.20Y
005580469,00038,00558046900038,O,2002-06-25,NN,,,2024-03-22T15:40:57,true,3,,47,,,,RUE,DE L'UNIVERSITE,75007,PARIS 7,,,75107,,,,,,,,,,,,,,,,,,,,,,2003-12-15,F,,,,,70.2C,NAFRev1,N,
005580501,00012,00558050100012,O,1986-12-25,NN,,,2024-03-30T17:34:38,false,5,,,,,,QUAI,DU COMMERCE,44600,SAINT-NAZAIRE,,,44184,,,,,441841269_C,,,,,,,,,,,,,,,,,2019-12-31,F,STEF,,,,52.10A,NAFRev2,O,
005580501,00020,00558050100020,O,1986-06-01,NN,,,2024-03-30T16:38:48,false,4,,262,,,,BOULEVARD,SAINT-GERMAIN,75007,PARIS,,,75107,,,,,751078619_B,650299.0545122214,6862359.488740078,,,,,,,,,,,,,,,1996-05-01,F,,,,,63.1D,NAF1993,N,
005580501,00038,00558050100038,O,1989-01-01,NN,,,2024-03-30T16:38:48,false,5,,56,,,,BOULEVARD,DU DOYENNE,49100,ANGERS,,,49007,,,,,490072555_B,433818.9460164196,6715743.486588667,,,,,,,,,,,,,,,2009-12-31,F,STEF,,,,52.10A,NAFRev2,O,
005580501,00046,00558050100046,O,1996-05-01,NN,,,2025-12-06T00:46:51,true,4,,93,,,,BOULEVARD,MALESHERBES,75008,PARIS,,,75108,,,,,751085951_B,649764.8893399736,6864498.032381738,,,,,,,,,,,,,,,2021-07-26,A,,,,,66.30Z,NAFRev2,O,66.30Y
005580527,00017,00558052700017,O,,NN,,,2024-03-30T09:02:01,true,1,,,,,,ROUTE,DE NANTES,44160,PONTCHATEAU,,,44129,,,,,441290380_B,316974.18278246047,6715902.910880926,,,,,,,,,,,,,,,1986-12-04,F,,,,,25.03,NAP,N,
005580600,00012,00558060000012,O,,NN,,,2024-03-30T01:04:12,true,1,,84,,,,RUE,DU CDT GUSTAVE GATE,44600,SAINT-NAZAIRE,,,44184,,,,,441841230_C,,,,,,,,,,,,,,,,,,F,,,,,55.71,NAP,N,
005580618,00022,00558061800022,O,1985-04-15,NN,,,2024-03-22T15:40:57,true,5,LE PARC SAVARY,,,,,,BREHADOUR,44350,GUERANDE,,,44069,,,,,,,,,,,,,,,,,,,,,,2010-09-21,F,,,,,58.14Z,NAFRev2,O,
005580618,00030,00558061800030,O,1997-12-31,NN,,,2024-03-22T15:40:57,false,4,,52,,,,RUE,D ANJOU,44600,SAINT-NAZAIRE,,,44184,,,,,,,,,,,,,,,,,,,,,,2010-09-21,F,,,,,58.14Z,NAFRev2,O,
005580642,00014,00558064200014,O,,NN,,,2024-03-30T02:21:01,true,1,,,,,,,LE CALVAIRE,44160,PONTCHATEAU,,,44129,,,,,44129B070_C,,,,,,,,,,,,,,,,,1986-12-25,F,,,,,67.04,NAP,N,
005580683,00018,00558068300018,O,1972-01-01,NN,,,2024-03-22T15:40:57,false,4,139-147,3,,,,AV,SAINT SAENS,44500,LA BAULE-ESCOUBLAC,,,44055,,,,,,,,,,,,,,,,,,,,,,2015-04-14,F,,,,,55.10Z,NAFRev2,N,
005580683,00026,00558068300026,O,2015-04-14,NN,,,2024-03-22T15:40:57,true,1,139-147,139,,,,RUE,PAUL VAILLANT COUTURIER,92240,MALAKOFF,,,92046,,,,,,,,,,,,,,,,,,,,,,2015-04-14,F,,,,,55.10Z,NAFRev2,N,
005580766,00011,00558076600011,O,,NN,,,2024-03-22T15:40:57,true,1,,,,,,RUE,JEAN GUTENBERG,44600,SAINT-NAZAIRE,,,44184,,,,,,,,,,,,,,,,,,,,,,1984-12-25,F,,,,,55.60,NAP,N,
005580782,00018,00558078200018,O,,NN,,,2024-03-22T15:40:57,true,1,,31,,,,PL,DE L HOTEL DE VILLE,44260,SAVENAY,,,44195,,,,,,,,,,,,,,,,,,,,,,1992-09-30,F,,,,,52.6E,NAF1993,N,
005580824,00018,00558082400018,O,,NN,,,2024-03-22T15:40:57,true,1,,,,,,RUE,DE LA CROIX AMISSE,44600,SAINT-NAZAIRE,,,44184,,,,,,,,,,,,,,,,,,,,,,1984-12-25,F,,,,,15.09,NAP,N,
005610043,00019,00561004300019,O,,NN,,,2024-03-22T15:40:57,true,1,,,,,,,,80370,HIERMONT,,,80440,,,,,,,,,,,,,,,,,,,,,,1984-12-25,F,,,,,64.49,NAP,N,
005610142,00019,00561014200019,O,,NN,,,2024-03-22T15:40:57,true,1,,,,,,,,80210,CHEPY,,,80190,,,,,,,,,,,,,,,,,,,,,,1987-12-31,F,,,,,67.01,NAP,N,
005610175,00019,00561017500019,O,,NN,,,2024-03-22T15:40:57,true,1,,,,,,,,80135,SAINT-RIQUIER,,,80716,,,,,,,,,,,,,,,,,,,,,,,F,,,,,56.02,NAP,N,
005610324,00013,00561032400013,O,,NN,,,2024-04-25T09:29:46,true,1,,,,,,RUE,DU GENERAL LECLERC,80150,CRECY-EN-PONTHIEU,,,80222,,,,,,,,,,,,,,,,,,,,,,1988-09-30,F,,,,,65.06,NAP,N,
005610399,00015,00561039900015,O,,NN,,,2024-04-25T09:34:14,true,1,,32,,,,RUE,DU GENERAL LECLERC,80150,CRECY-EN-PONTHIEU,,,80222,,,,,,,,,,,,,,,,,,,,,,1988-09-30,F,,,,,65.02,NAP,N,
005610423,00013,00561042300013,O,,NN,,,2024-03-22T15:40:57,true,1,,,,,,,,80150,BOUFFLERS,,,80118,,,,,,,,,,,,,,,,,,,,,,2000-11-12,F,,,,,81.21,NAP,N,
005610746,00017,00561074600017,O,,NN,,,2024-03-30T10:16:09,true,1,,,,,,PASSAGE,DES ORMES,80550,LE CROTOY,,,80228,,,,,802284q5dsl_B,601817.1504567247,7014101.220312084,,,,,,,,,,,,,,,,F,,,,,62.44,NAP,N,
005610761,00016,00561076100016,O,1956-01-01,NN,,,2024-03-30T00:23:46,true,1,,,,,,PLACE,MAX LEJEUNE,80100,ABBEVILLE,,,80001,,,,,800010970_B,616476.2845787175,7001470.406790731,,,,,,,,,,,,,,,2001-01-28,F,,,,,52.6E,NAF1993,N,
005610886,00011,00561088600011,O,,NN,,,2024-03-30T18:48:33,true,1,,39,,,,CHAUSSEE,MARCADE,80100,ABBEVILLE,,,80001,,,,,800011240_B,616143.6933307206,7002084.806655714,,,,,,,,,,,,,,,,F,,,,,62.43,NAP,N,
005610928,00011,00561092800011,O,,NN,,,2024-03-22T15:40:57,true,1,,,,,,,,80270,ALLERY,,,80019,,,,,,,,,,,,,,,,,,,,,,1984-12-25,F,,,,,81.21,NAP,N,
005610936,00014,00561093600014,O,,NN,,,2024-03-22T15:40:57,true,1,,,,,,,,80270,ALLERY,,,80019,,,,,,,,,,,,,,,,,,,,,,1984-12-25,F,,,,,81.21,NAP,N,
005610993,00023,00561099300023,O,,NN,,,2024-03-30T07:09:08,true,1,,20,,,,RUE,JEAN DE PONTHIEU,80100,ABBEVILLE,,,80001,,,,,800011038_B,616414.4164983301,7001572.9929778995,,,,,,,,,,,,,,,1987-12-31,F,,,,,47.08,NAP,N,
005611009,00019,00561100900019,O,,NN,,,2024-03-22T15:40:57,true,1,,16,,,,PL,DU GENERAL LECLERC,80220,GAMACHES,,,80373,,,,,,,,,,,,,,,,,,,,,,1990-01-01,F,,,,,81.21,NAP,N,
005611025,00015,00561102500015,O,,NN,,,2024-04-25T09:40:45,true,1,,8,,,,RUE,DU GENERAL LECLERC,80150,CRECY-EN-PONTHIEU,,,80222,,,,,,,,,,,,,,,,,,,,,,,F,,,,,55.60,NAP,N,
005611066,00019,00561106600019,O,,NN,,,2024-03-30T14:33:43,true,1,,34,,,,RUE,DE NORMANDIE,80220,GAMACHES,,,80373,,,,,803730640_B,596205.7310772339,6988388.654146179,,,,,,,,,,,,,,,1995-06-30,F,,,,,55.4B,NAF1993,N,
005611074,00013,00561107400013,O,1961-01-01,NN,,,2025-12-06T02:22:10,true,3,,88,,,,FG,SUR SOMME,80100,ABBEVILLE,,,80001,,,,,,,,,,,,,,,,,,,,,,2008-01-01,A,,,,,01.42Z,NAFRev2,N,01.42Y
005611215,00012,00561121500012,O,,NN,,,2024-03-30T09:11:48,true,1,,39,,,,RUE,DU GENERAL DE GAULLE,80135,SAINT-RIQUIER,,,80716,,,,,807160340_B,624265.4080052859,7004146.823061964,,,,,,,,,,,,,,,1993-07-20,F,,,,,52.4Y,NAF1993,N,
005611223,00016,00561122300016,O,,NN,,,2024-03-22T15:40:57,true,1,,,,,,CHE,BARRE DE LA MER,80550,LE CROTOY,,,80228,,,,,,,,,,,,,,,,,,,,,,1985-12-25,F,,,,,62.44,NAP,N,
005611389,00015,00561138900015,O,,NN,,,2024-03-22T15:40:57,true,1,,,,,,,,80120,FORT-MAHON-PLAGE,,,80333,,,,,,,,,,,,,,,,,,,,,,1984-12-25,F,,,,,64.49,NAP,N,
005611462,00010,00561146200010,O,,NN,,,2024-03-22T15:40:57,true,1,,,,,,,,80150,MAISON-PONTHIEU,,,80501,,,,,,,,,,,,,,,,,,,,,,1993-08-24,F,,,,,81.21,NAP,N,
005611744,00011,00561174400011,O,,NN,,,2024-03-30T09:51:22,true,1,,2,,,,AVENUE,DU CHATEAU D’EAU,80550,LE CROTOY,,,80228,,,,,802280250_B,602118.0232782728,7014339.917169866,,,,,,,,,,,,,,,1987-09-30,F,,,,,64.11,NAP,N,
005611751,00016,00561175100016,O,,NN,,,2024-04-25T09:34:38,true,1,,67,,,,RUE,DU GENERAL LECLERC,80150,CRECY-EN-PONTHIEU,,,80222,,,,,,,,,,,,,,,,,,,,,,1987-07-14,F,,,,,64.43,NAP,N,
005611827,00014,00561182700014,O,1956-01-01,NN,,,2024-03-30T16:02:04,true,3,,19,,,,RUE,DE LA VALLEE,80132,CAHON,,,80161,,,,,801610065_B,608537.8723581875,7003113.918093317,,,,,,,,,,,,,,,2004-09-30,F,,,,,70.2C,NAFRev1,N,
005611926,00014,00561192600014,O,1956-01-01,NN,,,2024-03-29T23:08:48,true,3,,17,,,,RUE,DE L'ABREUVOIR,80100,ABBEVILLE,,,80001,,,,,800010030_B,616934.3251767794,7000506.636202356,,,,,,,,,,,,,,,1998-12-31,F,,,,,70.2C,NAF1993,N,
005612056,00019,00561205600019,O,,NN,,,2024-03-30T18:07:58,true,1,,28,,,,RUE,DU MARECHAL FOCH,80100,ABBEVILLE,,,80001,,,,,800011260_B,616527.1002848614,7001370.991309928,,,,,,,,,,,,,,,1990-11-01,F,,,,,64.25,NAP,N,
005612106,00020,00561210600020,O,,NN,,,2024-03-22T15:40:57,true,1,,1,,,,RUE,DES PATISSIERS,80510,LONGPRE-LES-CORPS-SAINTS,,,80488,,,,,,,,,,,,,,,,,,,,,,,F,,,,,64.24,NAP,N,
005612114,00016,00561211400016,O,,NN,,,2024-04-25T09:40:42,true,1,,,,,,RUE,DU GENERAL LECLERC,80150,CRECY-EN-PONTHIEU,,,80222,,,,,,,,,,,,,,,,,,,,,,,F,,,,,62.44,NAP,N,
005612130,00012,00561213000012,O,,NN,,,2024-03-30T13:07:21,true,1,,48,,,,RUE,SAINT GILLES,80100,ABBEVILLE,,,80001,,,,,800011900_B,616815.9118537632,7001042.009981081,,,,,,,,,,,,,,,,F,,,,,81.21,NAP,N,
005612288,00018,00561228800018,O,,NN,,,2024-03-30T01:30:04,true,1,,42,,,,AVENUE,DE LA PLAGE,80120,FORT-MAHON-PLAGE,,,80333,,,,,803330520_B,598083.9859770389,7027864.506850775,,,,,,,,,,,,,,,,F,,,,,64.11,NAP,N,
005612296,00011,00561229600011,O,,NN,,,2024-03-29T23:37:01,true,1,,10,,,,RUE,DE CORNEHOTTE,80570,DARGNIES,,,80235,,,,,802350160_B,594173.4146360493,6994929.002106033,,,,,,,,,,,,,,,1987-01-30,F,,,,,64.30,NAP,N,
005612312,00016,00561231200016,O,,NN,,,2024-03-30T08:02:10,true,1,,8,,,,PLACE,MAX LEJEUNE,80100,ABBEVILLE,,,80001,,,,,800010970_B,616422.6186005846,7001405.94275417,,,,,,,,,,,,,,,1993-12-31,F,,,,,52.4C,NAF1993,O,
005612353,00010,00561235300010,O,,NN,,,2024-03-30T03:15:41,true,1,,32,,,,RUE,DE LA BARRIERE,80120,RUE,,,80688,,,,,806880080_B,605606.2585387322,7020115.1132790875,,,,,,,,,,,,,,,1989-12-31,F,,,,,55.60,NAP,N,
005612478,00015,00561247800015,O,,NN,,,2024-03-22T15:40:57,true,1,,,,,,,,80570,DARGNIES,,,80235,,,,,,,,,,,,,,,,,,,,,,1988-12-31,F,,,,,38.40,NAP,N,
005612502,00012,00561250200012,O,1986-05-01,NN,,,2024-03-30T16:26:37,true,3,,14,,,,RUE,SAINT VULFRAN,80100,ABBEVILLE,,,80001,,,,,800012000_B,616268.1858988554,7001361.344989077,,,,,,,,,,,,,,,1992-09-04,F,,,,,52.4C,NAF1993,N,
005612577,00014,00561257700014,O,,NN,,,2024-04-25T09:40:58,true,1,,,,,,RUE,DU MARAIS,80120,QUEND,,,80649,,,,,,,,,,,,,,,,,,,,,,1984-12-25,F,,,,,81.21,NAP,N,
005612676,00014,00561267600014,O,,NN,,,2024-03-22T15:40:57,true,1,,,,,,,,80220,GAMACHES,,,80373,,,,,,,,,,,,,,,,,,,,,,1984-12-25,F,,,,,64.46,NAP,N,
005612700,00012,00561270000012,O,,NN,,,2024-03-22T15:40:57,true,1,,,,,,,,80132,CAHON,,,80161,,,,,,,,,,,,,,,,,,,,,,1987-11-30,F,,,,,81.21,NAP,N,
005612718,00014,00561271800014,O,,NN,,,2024-03-30T17:37:52,true,1,,1,,,,RUE,PILLEVERGUE,80220,BOUTTENCOURT,,,80126,,,,,801260250_B,599125.4401696319,6984217.36081401,,,,,,,,,,,,,,,1989-10-02,F,,,,,38.40,NAP,N,
005612734,00011,00561273400011,O,1956-01-01,NN,,,2024-04-25T09:40:05,true,3,,,,,,RTE,D ABBEVILLE,80220,BOUTTENCOURT,,,80126,,,,,,,,,,,,,,,,,,,,,,1995-12-25,F,,,,,70.2C,NAF1993,N,
005620026,00012,00562002600012,O,,NN,,,2024-03-22T15:40:57,true,1,,,,,,RUE,D AIRAINES,80510,LONGPRE-LES-CORPS-SAINTS,,,80488,,,,,,,,,,,,,,,,,,,,,,,F,,,,,55.71,NAP,N,
005620034,00016,00562003400016,O,1956-01-01,11,2023,,2025-12-05T20:05:30,true,3,,4,,,,BOULEVARD,DE LA REPUBLIQUE,80100,ABBEVILLE,,,80001,,,,,800011810_B,616852.1960319786,7002013.984577106,,,,,,,,,,,,,,,2008-01-01,A,,,,,46.73A,NAFRev2,O,46.83G
005620034,00024,00562003400024,O,2010-09-01,03,2023,,2025-12-06T00:34:51,false,1,ZONE INDUSTRIELLE,,,,,ZONE,LOUIS DELAPORTE,76370,ROUXMESNIL-BOUTEILLES,,,76545,,,,,76545m1wczp_B,563785.301401543,6980103.034818875,,,,,,,,,,,,,,,2010-09-01,A,,,,,46.73A,NAFRev2,O,46.83G
005620034,00032,00562003400032,O,2024-10-14,NN,,,2025-12-05T19:48:51,false,1,ZAC LA BLANCHE TACHE,438,,,,RUE,ROSA LUXEMBOURG,80450,CAMON,,,80164,,,,,801640728_B,653516.27,6978115.6,,,,,,,,,,,,,,,2024-10-14,A,BIGMAT,,,,46.73A,NAFRev2,O,46.83G
005620059,00013,00562005900013,O,,NN,,,2024-03-22T15:40:57,true,1,,,,,,RUE,DE MENCHECOURT,80100,ABBEVILLE,,,80001,,,,,,,,,,,,,,,,,,,,,,1984-12-25,F,,,,,64.42,NAP,N,
005620083,00013,00562008300013,O,1956-01-01,NN,,,2024-03-22T15:40:57,true,4,,49,,,,RUE,DE NORMANDIE,80220,GAMACHES,,,80373,,,,,,,,,,,,,,,,,,,,,,2002-12-25,F,,,,,74.1J,NAF1993,O,
005620091,00016,00562009100016,O,1956-01-01,NN,,,2024-03-22T15:40:57,true,5,,,,,,RTE,NATIONALE,80132,HAUTVILLERS-OUVILLE,,,80422,,,,,,,,,,,,,,,,,,,,,,2011-06-30,F,,,,,28.14Z,NAFRev2,O,
005620109,00016,00562010900016,O,1956-01-01,NN,,,2024-03-22T15:40:57,true,4,,,,,,RTE,D ANCENNES,80220,BOUTTENCOURT,,,80126,,,,,,,,,,,,,,,,,,,,,,2002-11-25,F,,,,,45.2V,NAF1993,O,
005620117,00019,00562011700019,O,1900-01-01,02,2023,,2025-12-06T04:34:24,true,7,,10,,12,,RUE,DE LA TANNERIE,80100,ABBEVILLE,,,80001,,,,,800012130_B,616580.68,7001220.98,,,,,,,,,,,,,,,2017-12-07,A,DUBOIS,,,DUBOIS,46.69C,NAFRev2,O,46.64K
005620117,00027,00562011700027,O,1994-05-01,NN,,,2025-12-05T22:55:18,false,4,,17,,,,RUE,DE METZ,80000,AMIENS,,,80021,,,,,800215700_B,649271.492358715,6977609.019000849,,,,,,,,,,,,,,,2008-01-01,A,,,,,46.69B,NAFRev2,N,46.64J
005620158,00013,00562015800013,O,1956-01-01,NN,,,2025-12-05T17:32:46,true,3,,46,,,,AVENUE,HENRI RENARD,80120,QUEND,,,80649,,,,,806491520_B,597058.481444871,7025829.174269003,,,,,,,,,,,,,,,2008-01-01,A,,,,,68.20B,NAFRev2,N,68.20H
005620174,00010,00562017400010,O,1956-01-01,NN,,1061AZ,2024-03-30T05:10:37,false,6,,,,,,RUE,DU MOULIN,80132,CAHON,,,80161,,,,,801610045_B,608753.2332938412,7003010.54355549,,,,,,,,,,,,,,,2016-01-01,F,,,,,10.61A,NAFRev2,N,
005620174,00028,00562017400028,O,2015-12-15,NN,,,2024-03-30T05:40:00,false,2,,27,,,,ROUTE,DE CHAUNY,80400,HAM,,,80410,,,,,804100250_B,706479.5046117873,6960246.696961348,,,,,,,,,,,,,,,2023-01-26,F,,,,,45.20A,NAFRev2,N,
005620174,00036,00562017400036,O,2016-01-01,NN,,4520AA,2024-08-02T14:14:22,true,4,,22,,,,RUE,DE LA VALLEE,80132,CAHON,,,80161,,,,,801610065_B,608654.001922506,7003272.739424175,,,,,,,,,,,,,,,2024-04-30,F,,,,,45.20A,NAFRev2,N,
005620190,00024,00562019000024,O,1986-04-30,NN,,,2024-03-30T03:46:22,false,4,,21,,,,RUE,GONTIER PATIN,80100,ABBEVILLE,,,80001,,,,,800010824_B,616447.1954589164,7001585.983090869,,,,,,,,,,,,,,,1998-03-23,F,,,,,60.2B,NAF1993,O,
005620190,00032,00562019000032,O,1998-03-23,NN,,,2024-03-30T03:53:02,false,5,,4,,,,PLACE,DU PILORI,80100,ABBEVILLE,,,80001,,,,,800011560_B,616591.1096429906,7001607.466607064,,,,,,,,,,,,,,,2010-02-22,F,,,,,49.39A,NAFRev2,O,
005620190,00040,00562019000040,O,2010-02-22,NN,,,2024-03-30T03:58:04,false,2,ZONE INDUSTRIELLE,,,,,RUE,VENTOSE,80100,ABBEVILLE,,,80001,,,,,800012235_B,618537.7870940086,7001110.594786307,,,,,,,,,,,,,,,2016-01-01,F,,,,,49.39A,NAFRev2,O,
005620190,00057,00562019000057,O,2014-09-23,NN,,,2025-12-06T04:50:00,false,1,,,,,,,SAINTE CROIX,76470,LE TREPORT,,,76711,,,,,76711B014_C,,,,,,,,,,,,,,,,,2014-09-23,A,,,,,49.39A,NAFRev2,N,49.31H
005620190,00065,00562019000065,O,2016-01-01,22,2023,,2025-12-05T23:52:24,true,1,,,,,,RTE,DES DEUX VALLEES,80100,ABBEVILLE,,,80001,,,,,800012197_C,,,,,,,,,,,,,,,,,2016-01-01,A,,,,,49.39A,NAFRev2,O,49.31H
005620265,00016,00562026500016,O,,NN,,,2024-03-22T15:40:57,true,1,,,,,,CHE,DU HALAGE,80100,ABBEVILLE,,,80001,,,,,,,,,,,,,,,,,,,,,,1984-12-25,F,,,,,00.97,NAP,N,
005620281,00013,00562028100013,O,1956-01-01,NN,,,2025-12-06T04:36:01,true,4,,,,,,RUE,DES MINIMES,80100,ABBEVILLE,,,80001,,,,,800011330_B,616653.947836304,7001536.49434735,,,,,,,,,,,,,,,2008-01-01,A,,,,,68.20B,NAFRev2,N,68.20H
005620307,00016,00562030700016,O,,NN,,,2024-03-22T15:40:57,true,1,,,,,,,,80570,EMBREVILLE,,,80265,,,,,,,,,,,,,,,,,,,,,,1984-12-25,F,,,,,21.12,NAP,N,
005620315,00035,00562031500035,O,,NN,,,2024-03-22T15:40:57,true,1,,37,,,,RUE,DES MATHURINS,75008,PARIS 8,,,75108,,,,,,,,,,,,,,,,,,,,,,1997-01-01,F,,,,,74.1J,NAF1993,N,
005620349,00018,00562034900018,O,,NN,,,2024-03-22T15:40:57,true,1,,,,,,RUE,PADOS,80100,ABBEVILLE,,,80001,,,,,,,,,,,,,,,,,,,,,,1984-12-25,F,,,,,55.60,NAP,N,
005620364,00017,00562036400017,O,1900-01-01,NN,,,2024-03-22T15:40:57,true,3,,5,,,,RUE,EDOUARD VAILLANT,80210,FEUQUIERES-EN-VIMEU,,,80308,,,,,,,,,,,,,,,,,,,,,,1994-12-25,F,,,,,28.5C,NAF1993,N,
005620380,00013,00562038000013,O,,NN,,,2024-03-22T15:40:57,true,1,,,,,,,,80270,ALLERY,,,80019,,,,,,,,,,,,,,,,,,,,,,1984-12-25,F,,,,,44.33,NAP,N,
005620422,00013,00562042200013,O,1900-01-01,NN,,,2024-03-30T18:07:55,false,7,,13,,,,RUE,DU PONT DE BOULOGNE,80100,ABBEVILLE,,,80001,,,,,800011660_B,616591.868235709,7001270.479718059,,,,,,,,,,,,,,,2007-01-01,F,,,,,51.8P,NAFRev1,O,
005620422,00021,00562042200021,O,1900-01-01,NN,,,2024-03-22T15:40:57,false,6,,,,,,,,80620,DOMQUEUR,,,80249,,,,,,,,,,,,,,,,,,,,,,2009-07-10,F,,,,,46.61Z,NAFRev2,O,
005620422,00039,00562042200039,O,1900-01-01,NN,,,2024-03-22T15:40:57,false,5,,,,,,RTE,DE NOYELLES,80132,GRAND-LAVIERS,,,80385,,,,,,,,,,,,,,,,,,,,,,2007-01-01,F,,,,,51.8P,NAFRev1,O,
005620422,00047,00562042200047,O,1990-11-01,NN,,,2024-03-30T18:48:26,false,4,,,,,,RUE,DE LA LIBERATION,80270,AIRAINES,,,80013,,,,,800131000_B,624017.0138824182,6985316.385522862,,,,,,,,,,,,,,,1993-12-25,F,,,,,51.6N,NAF1993,N,
005620422,00054,00562042200054,O,2007-01-01,NN,,,2024-03-22T15:40:57,true,3,,,,,,,ZAC DU GROS JACQUES,80880,ST-QUENTIN-LA-MOTTE-CROIX-BAILLY,,,80714,,,,,,,,,,,,,,,,,,,,,,2009-07-10,F,,,,,46.61Z,NAFRev2,O,
005640057,00013,00564005700013,O,1956-01-01,NN,,,2024-03-30T19:00:14,false,4,,2,,,,AVENUE,DU PARC,04160,CHATEAU-ARNOUX-SAINT-AUBAN,,,04049,,,,,040490555_B,940930.6764705419,6337624.235742874,,,,,,,,,,,,,,,2010-10-30,F,,,,,68.20B,NAFRev2,N,
005640065,00016,00564006500016,O,,NN,,,2024-03-22T15:40:57,true,1,,,,,,QUAI,DE LA BEAUME,04200,SISTERON,,,04209,,,,,,,,,,,,,,,,,,,,,,1984-12-25,F,,,,,00.97,NAP,N,
005640172,00010,00564017200010,O,,NN,,,2024-03-30T05:21:45,true,1,,,,,,AVENUE,DE VERDUN,04000,DIGNE-LES-BAINS,,,04070,,,,,040701680_B,957717.8159985486,6337333.42628869,,,,,,,,,,,,,,,1984-12-25,F,,,,,65.03,NAP,N,
005640214,00010,00564021400010,O,,NN,,,2024-03-30T08:31:44,true,1,,,,,,RUE,CAPITOUL,04000,DIGNE-LES-BAINS,,,04070,,,,,040700280_B,959120.3130306936,6337893.524450756,,,,,,,,,,,,,,,1984-12-25,F,,,,,64.11,NAP,N,
005640255,00013,00564025500013,O,,NN,,,2024-03-30T03:45:27,true,1,,,,,,PLACE,DU TIVOLI,04200,SISTERON,,,04209,,,,,042091660_B,935093.9760666296,6348563.080897751,,,,,,,,,,,,,,,1986-02-17,F,,,,,81.21,NAP,N,
005640313,00010,00564031300010,O,,NN,,,2024-03-22T15:40:57,true,1,,,,,,,,04370,COLMARS,,,04061,,,,,,,,,,,,,,,,,,,,,,1984-12-25,F,,,,,69.22,NAP,N,
005640354,00014,00564035400014,O,,NN,,,2024-03-22T15:40:57,true,1,,,,,,,,04170,SAINT-ANDRE-LES-ALPES,,,04173,,,,,,,,,,,,,,,,,,,,,,1987-01-14,F,,,,,57.09,NAP,N,
005640388,00012,00564038800012,O,,NN,,,2024-03-30T10:53:33,true,1,,,,,,RUE,DE PROVENCE,04200,SISTERON,,,04209,,,,,042091300_B,935099.7616819025,6348493.699422381,,,,,,,,,,,,,,,1984-12-25,F,,,,,64.22,NAP,N,
005640404,00017,00564040400017,O,,NN,,,2024-03-22T15:40:57,true,1,,,,,,,,04850,JAUSIERS,,,04096,,,,,,,,,,,,,,,,,,,,,,1984-12-25,F,,,,,00.97,NAP,N,
005640412,00010,00564041200010,O,,NN,,,2024-03-22T15:40:57,true,1,,,,,,,,04500,RIEZ,,,04166,,,,,,,,,,,,,,,,,,,,,,1984-12-25,F,,,,,00.97,NAP,N,
005640420,00013,00564042000013,O,,NN,,,2024-03-30T18:17:31,true,1,,,,,,,LA GARE DE SAINT AUBAN,04600,CHATEAU-ARNOUX-SAINT-AUBAN,,,04049,,,,,04049B041_B,940105.9231593788,6333744.195167563,,,,,,,,,,,,,,,1985-12-25,F,,,,,67.04,NAP,N,
005640446,00018,00564044600018,O,,NN,,,2024-03-29T22:41:02,true,1,,56,,,,BOULEVARD,GASSENDI,04000,DIGNE-LES-BAINS,,,04070,,,,,040700710_B,959158.658725575,6338041.102798583,,,,,,,,,,,,,,,1995-12-31,F,,,,,52.2C,NAF1993,O,
005640511,00019,00564051100019,O,,NN,,,2024-03-30T07:40:46,true,1,,,,,,RUE,VICTORIN-MAUREL,04160,CHATEAU-ARNOUX-SAINT-AUBAN,,,04049,,,,,040490725_B,940802.3820030901,6337321.697019965,,,,,,,,,,,,,,,1984-12-25,F,,,,,00.97,NAP,N,
005640545,00017,00564054500017,O,,NN,,,2024-03-30T10:25:28,true,1,,,,,,RUE,JULES FERRY,04210,VALENSOLE,,,04230,,,,,042300200_B,940031.5464429365,6308710.188466109,,,,,,,,,,,,,,,1988-06-05,F,,,,,64.30,NAP,N,
005640586,00011,00564058600011,O,,NN,,,2024-03-22T15:40:57,true,1,,,,,,,,04530,LARCHE,,,04100,,,,,,,,,,,,,,,,,,,,,,1993-03-02,F,,,,,55.1A,NAF1993,N,
005640594,00015,00564059400015,O,,NN,,,2024-03-30T05:26:58,true,1,,,,,,,FONT ROBERT,04160,CHATEAU-ARNOUX-SAINT-AUBAN,,,04049,,,,,04049B034_B,940831.634666701,6338164.496737149,,,,,,,,,,,,,,,,F,,,,,58.09,NAP,N,
005640602,00024,00564060200024,O,1972-04-01,NN,,,2024-03-30T01:04:18,false,4,,,,,,,LE VILLAGE,04530,SAINT PAUL SUR UBAYE,,,04193,,,,,04193B259_C,,,,,,,,,,,,,,,,,2021-05-01,F,,,,,56.30Z,NAFRev2,N,
005640602,00032,00564060200032,O,1972-04-01,NN,,,2024-03-22T15:40:57,true,4,,,,,,,ESF DU SAUZE,04400,ENCHASTRAYES,,,04073,,,,,,,,,,,,,,,,,,,,,,2021-05-01,F,,,,,93.19Z,NAFRev2,N,
005640669,00015,00564066900015,O,,NN,,,2024-03-22T15:40:57,true,1,,,,,,,,04200,SISTERON,,,04209,,,,,,,,,,,,,,,,,,,,,,1984-12-25,F,,,,,00.97,NAP,N,
005640685,00011,00564068500011,O,,NN,,,2024-03-30T13:20:30,true,1,,,,,,,FONT ROBERT,04160,CHATEAU-ARNOUX-SAINT-AUBAN,,,04049,,,,,04049B034_B,940831.634666701,6338164.496737149,,,,,,,,,,,,,,,1987-01-02,F,,,,,62.11,NAP,N,
005640768,00015,00564076800015,O,,NN,,,2024-03-22T15:40:57,true,1,,,,,,,,04160,CHATEAU-ARNOUX-SAINT-AUBAN,,,04049,,,,,,,,,,,,,,,,,,,,,,,F,,,,,86.06,NAP,N,
005640776,00018,00564077600018,O,,NN,,,2024-03-22T15:40:57,true,1,,,,,,ALL,L MASSE,04700,ORAISON,,,04143,,,,,,,,,,,,,,,,,,,,,,1987-12-31,F,,,,,64.11,NAP,N,
005640784,00012,00564078400012,O,,NN,,,2024-03-30T15:24:25,true,1,,,,,,RUE,GRANDE,04210,VALENSOLE,,,04230,,,,,042300176_B,939981.1611809664,6308884.650207485,,,,,,,,,,,,,,,1984-12-25,F,,,,,00.97,NAP,N,
005640800,00016,00564080000016,O,1956-01-01,NN,,,2024-03-22T15:40:57,true,1,,,,,,,,04340,LE LAUZET-UBAYE,,,04102,,,,,,,,,,,,,,,,,,,,,,1998-12-31,F,,,,,52.1B,NAF1993,N,
005640883,00020,00564088300020,O,,NN,,,2024-03-22T15:40:57,true,1,,3,,,,,GRANDE RUE,04140,SEYNE,,,04205,,,,,,,,,,,,,,,,,,,,,,1994-03-31,F,,,,,52.4E,NAF1993,O,
005640891,00015,00564089100015,O,,NN,,,2024-03-30T06:39:54,true,1,,,,,,RUE,PRINCIPALE,04850,JAUSIERS,,,04096,,,,,040960001_B,997197.8993450522,6375895.296288062,,,,,,,,,,,,,,,1992-05-03,F,,,,,52.1B,NAF1993,N,
005640974,00019,00564097400019,O,,NN,,,2024-03-22T15:40:57,true,1,,,,,,,,04340,UBAYE-SERRE-PONCON,,,04033,,,,,,,,,,,,,,,,,,,,,,1992-12-25,F,,,,,52.4E,NAF1993,N,
005640990,00015,00564099000015,O,1956-01-01,NN,,,2024-03-22T15:40:57,true,3,,,,,,RTE,NATIONALE,04800,GREOUX-LES-BAINS,,,04094,,,,,,,,,,,,,,,,,,,,,,2005-04-01,F,,,,,70.2C,NAFRev1,N,
005640990,00023,00564099000023,O,2004-01-01,NN,,,2024-03-30T07:41:45,false,3,,46,,,,AVENUE,DES ALPES,04800,GREOUX-LES-BAINS,,,04094,,,,,040940010_B,932510.3551639116,6299494.263970786,,,,,,,,,,,,,,,2005-04-01,F,,,,,70.2A,NAFRev1,N,
005641055,00016,00564105500016,O,,NN,,,2024-03-22T15:40:57,true,1,,,,,,,,04120,CASTELLANE,,,04039,,,,,,,,,,,,,,,,,,,,,,1984-12-25,F,,,,,00.97,NAP,N,
005641063,00010,00564106300010,O,,NN,,,2024-03-30T14:08:04,true,1,,2,,,,PLACE,MARCEL-SAUVAIRE,04120,CASTELLANE,,,04039,,,,,040390110_B,982466.6568467169,6311519.847366071,,,,,,,,,,,,,,,1984-12-25,F,,,,,00.97,NAP,N,
005641097,00018,00564109700018,O,,NN,,,2024-03-22T15:40:57,true,1,,,,,,,,04190,LES MEES,,,04116,,,,,,,,,,,,,,,,,,,,,,1984-12-25,F,,,,,15.01,NAP,N,
005641139,00018,00564113900018,O,,NN,,,2024-03-30T13:00:00,true,1,,13,,,,RUE,EMILE DONNADIEU,04400,BARCELONNETTE,,,04019,,,,,040190200_B,990784.1961526182,6372028.7038641805,,,,,,,,,,,,,,,1984-12-25,F,,,,,64.11,NAP,N,
005641154,00025,00564115400025,O,1981-02-01,NN,,,2025-12-06T03:56:14,true,3,,,,,,,LA CROISETTE,04400,BARCELONNETTE,,,04019,,,,,04019B019_C,,,,,,,,,,,,,,,,,2008-01-01,A,,,,,68.31Z,NAFRev2,N,68.31Y
005641188,00015,00564118800015,O,,NN,,,2024-03-22T15:40:57,true,1,,,,,,,,04510,MALLEMOISSON,,,04110,,,,,,,,,,,,,,,,,,,,,,1984-12-25,F,,,,,62.11,NAP,N,
005641212,00013,00564121200013,O,1956-01-01,NN,,,2024-03-30T08:41:04,true,4,,41,,,,BOULEVARD,GASSENDI,04000,DIGNE-LES-BAINS,,,04070,,,,,040700710_B,958863.3946309267,6337873.429034632,,,,,,,,,,,,,,,2012-06-19,F,,,,,68.20B,NAFRev2,N,
005641220,00016,00564122000016,O,,NN,,,2024-03-30T11:10:51,true,1,,,,,,BOULEVARD,GASSENDI,04000,DIGNE-LES-BAINS,,,04070,,,,,040700710_B,959158.658725575,6338041.102798583,,,,,,,,,,,,,,,1984-12-25,F,,,,,00.98,NAP,N,
005641337,00018,00564133700018,O,,NN,,,2024-03-30T16:32:55,true,1,,,,,,RUE,DROITE,04200,SISTERON,,,04209,,,,,042090480_B,935199.8249975644,6348609.497116943,,,,,,,,,,,,,,,1984-12-25,F,,,,,64.44,NAP,N,
005641428,00015,00564142800015,O,,NN,,,2024-03-30T17:51:46,true,1,,,,,,RUE,GRANDE,04800,GREOUX-LES-BAINS,,,04094,,,,,040940101_B,932217.973809366,6299748.905045619,,,,,,,,,,,,,,,1989-04-05,F,,,,,70.2C,NAF1993,N,
005641618,00011,00564161800011,O,,NN,,,2024-03-22T15:40:57,true,1,,,,,,,,04700,PUIMICHEL,,,04156,,,,,,,,,,,,,,,,,,,,,,1990-03-31,F,,,,,67.01,NAP,N,
005641634,00018,00564163400018,O,,NN,,,2024-03-22T15:40:57,true,1,,,,,,,,04320,ENTREVAUX,,,04076,,,,,,,,,,,,,,,,,,,,,,1984-12-25,F,,,,,69.23,NAP,N,
005641717,00011,00564171700011,O,,NN,,,2024-03-30T17:19:34,true,1,,23,,,,AVENUE,DU MARECHAL JUIN,04000,DIGNE-LES-BAINS,,,04070,,,,,040701025_B,958182.6821866268,6336731.243602646,,,,,,,,,,,,,,,2000-09-17,F,,,,,50.1Z,NAF1993,N,
005641725,00014,00564172500014,O,1956-01-01,NN,,,2024-03-30T13:05:03,true,4,LES FERREOLS,23,,,,AVENUE,DU MARECHAL JUIN,04000,DIGNE-LES-BAINS,,,04070,,,,,040701025_B,958182.6821866268,6336731.243602646,,,,,,,,,,,,,,,2008-01-01,F,,,,,68.20B,NAFRev2,N,
005641741,00011,00564174100011,O,,NN,,,2024-03-30T10:00:58,true,1,,,,,,PLACE,DU DOCTEUR ITARD,04700,ORAISON,,,04143,,,,,041430155_B,934418.4585933338,6317464.2534376355,,,,,,,,,,,,,,,1984-12-25,F,,,,,00.97,NAP,N,
005641758,00015,00564175800015,P,1956-01-01,NN,,,2024-03-22T15:40:57,false,4,[ND],[ND],[ND],[ND],[ND],[ND],[ND],[ND],MALIJAI,,[ND],04108,[ND],[ND],,,[ND],[ND],[ND],[ND],[ND],[ND],[ND],[ND],[ND],,,[ND],,[ND],[ND],,,2002-12-31,F,[ND],[ND],[ND],[ND],70.2C,NAF1993,N,
005641758,00023,00564175800023,P,2011-04-01,NN,,,2025-04-15T11:11:47,true,2,[ND],[ND],[ND],[ND],[ND],[ND],[ND],[ND],MALIJAI,,[ND],04108,[ND],[ND],,,[ND],[ND],[ND],[ND],[ND],[ND],[ND],[ND],[ND],,,[ND],,[ND],[ND],,,2011-06-30,F,[ND],[ND],[ND],[ND],70.10Z,NAFRev2,,
005641766,00018,00564176600018,O,,NN,,,2024-03-22T15:40:57,true,1,,,,,,,,04530,LA CONDAMINE-CHATELARD,,,04062,,,,,,,,,,,,,,,,,,,,,,,F,,,,,67.08,NAP,N,
005641808,00018,00564180800018,O,1956-01-01,NN,,,2024-03-22T15:40:57,true,4,,,,,,LD,BONS ENFANTS,04200,PEIPIN,,,04145,,,,,,,,,,,,,,,,,,,,,,1996-12-25,F,,,,,70.2C,NAF1993,N,
005641816,00011,00564181600011,O,1956-01-01,NN,,,2024-03-22T15:40:57,true,4,,,,,,,,04340,MEOLANS-REVEL,,,04161,,,,,,,,,,,,,,,,,,,,,,1996-12-25,F,,,,,55.4B,NAF1993,N,
005641824,00015,00564182400015,O,,NN,,,2024-03-22T15:40:57,true,1,,,,,,,,04500,QUINSON,,,04158,,,,,,,,,,,,,,,,,,,,,,1997-09-24,F,,,,,52.1B,NAF1993,N,
005641873,00012,00564187300012,O,,NN,,,2024-03-29T23:14:53,true,1,,,,,,BOULEVARD,DE LA REPUBLIQUE,04190,LES MEES,,,04116,,,,,041160145_B,938444.2523999268,6330094.812252669,,,,,,,,,,,,,,,1984-12-25,F,,,,,81.21,NAP,N,
005650031,00015,00565003100015,O,1956-01-01,03,2023,,2025-12-05T23:02:19,true,3,,,,,,QUA,QUARTIER DE LA BEITE,04240,ANNOT,,,04008,,,,,,,,,,,,,,,,,,,,,,2008-01-01,A,,,,,10.13A,NAFRev2,O,10.89Y
005650031,00023,00565003100023,O,1994-11-01,11,2023,,2025-12-06T02:53:16,false,4,,493,,,,AV,DE LA GARE,04240,ANNOT,,,04008,,,,,,,,,,,,,,,,,,,,,,2008-01-01,A,,,,,10.13A,NAFRev2,O,10.89Y
005650056,00012,00565005600012,O,1956-01-01,NN,,,2024-03-22T15:40:57,true,4,,,,,,,QUARTIER CHAMPARLAU,04200,PEIPIN,,,04145,,,,,,,,,,,,,,,,,,,,,,2008-01-01,F,,,,,47.59A,NAFRev2,O,
005650056,00038,00565005600038,O,1900-01-01,NN,,,2024-03-22T15:40:57,false,3,,,,,,QUAI,CHAMPARLAU,04200,PEIPIN,,,04145,,,,,,,,,,,,,,,,,,,,,,1994-10-27,F,,,,,52.4H,NAF1993,N,
005650064,00016,00565006400016,O,,NN,,,2024-03-22T15:40:57,true,1,,,,,,RTE,DE GAP,04200,SISTERON,,,04209,,,,,,,,,,,,,,,,,,,,,,1984-12-25,F,,,,,00.97,NAP,N,
005650072,00019,00565007200019,O,,NN,,,2024-03-22T15:40:57,true,1,,,,,,PL,GENERAL DE GAULLE,04000,DIGNE-LES-BAINS,,,04070,,,,,,,,,,,,,,,,,,,,,,1989-03-01,F,,,,,57.11,NAP,N,
005650098,00014,00565009800014,O,,NN,,,2024-03-22T15:40:57,true,1,,,,,,,ZI SAINT-PONS,04400,BARCELONNETTE,,,04019,,,,,,,,,,,,,,,,,,,,,,1993-12-18,F,,,,,45.2B,NAF1993,N,
005650106,00015,00565010600015,O,,NN,,,2024-03-22T15:40:57,true,1,,,,,,RUE,STE CLAIRE DEVILLE,04160,CHATEAU-ARNOUX-SAINT-AUBAN,,,04049,,,,,,,,,,,,,,,,,,,,,,1984-12-25,F,,,,,00.97,NAP,N,
005650122,00012,00565012200012,O,,NN,,,2024-03-22T15:40:57,true,1,,,,,,LD,FOUX,04260,ALLOS,,,04006,,,,,,,,,,,,,,,,,,,,,,1989-12-26,F,,,,,81.21,NAP,N,
005650130,00015,00565013000015,O,,NN,,,2024-03-22T15:40:57,true,1,,,,,,,LES ARCADES,04200,SISTERON,,,04209,,,,,,,,,,,,,,,,,,,,,,1984-12-25,F,,,,,00.97,NAP,N,
005650148,00017,00565014800017,O,1900-01-01,NN,,,2024-03-30T08:31:15,false,3,,13,,,,BOULEVARD,VICTOR HUGO,04000,DIGNE-LES-BAINS,,,04070,,,,,040701690_B,959024.4320123271,6338138.568966243,,,,,,,,,,,,,,,1994-09-19,F,,,,,70.2A,NAF1993,N,
005650148,00025,00565014800025,O,1994-09-19,NN,,,2024-03-30T08:30:58,false,4,,2,,,,RUE,DU JEU DE PAUME,04000,DIGNE-LES-BAINS,,,04070,,,,,040700900_B,959086.1794201336,6337948.0581005225,,,,,,,,,,,,,,,2000-01-01,F,,,,,70.2A,NAF1993,N,
005650148,00033,00565014800033,O,2000-01-01,NN,,,2024-10-18T11:27:55,false,8,,2,,,,RUE,DOCTEUR SIMON PIETRI,04000,DIGNE-LES-BAINS,,,04070,,,,,040701555_B,959196.4900000372,6337703.050046371,,,,,,,,,,,,,,,2023-09-29,F,,,,,68.20A,NAFRev2,N,
005650148,00041,00565014800041,O,2023-09-29,NN,,,2025-12-06T03:31:34,true,1,,6,,,,RUE,LAFAYETTE,57000,METZ,,,57463,,,,,574633720_B,931659.82,6894458.92,,,,,,,,,,,,,,,2023-09-29,A,,,,,68.20A,NAFRev2,O,68.20G
005650148,00058,00565014800058,O,2024-11-01,NN,,,2025-12-06T05:03:47,false,1,,1,,,,RUE,MAURICE HOLLANDE,51100,REIMS,,,51454,,,,,514546085_B,778970.98,6903899.23,,,,,,,,,,,,,,,2024-11-01,A,,,,,68.20A,NAFRev2,O,68.20G
005650189,00029,00565018900029,O,1990-12-14,NN,,,2024-03-22T15:40:57,false,5,PARC D'ACTIVITES,1,,,,ALL,DES CHENES,04200,SISTERON,,,04209,,,,,,,,,,,,,,,,,,,,,,2016-01-01,F,,,,,10.11Z,NAFRev2,O,
005650189,00037,00565018900037,O,2000-07-01,NN,,,2024-03-22T15:40:57,false,4,PARC D'ACTIVITES,5,,,,ALL,DES GENETS,04200,SISTERON,,,04209,,,,,,,,,,,,,,,,,,,,,,2017-06-30,F,,,,,10.11Z,NAFRev2,N,
005650189,00045,00565018900045,O,2000-01-01,NN,,,2024-03-22T15:40:57,false,4,LE MOULIN DU PRE,,,,,RTE,DE BARCELONNETTE,05000,GAP,,,05061,,,,,,,,,,,,,,,,,,,,,,2009-12-31,F,,,,,47.22Z,NAFRev2,N,
005650189,00052,00565018900052,O,2016-01-01,NN,,,2024-03-22T15:40:57,true,2,PARC D'ACTIVITES,3,,,,ALL,DES CHENES,04200,SISTERON,,,04209,,,,,,,,,,,,,,,,,,,,,,2017-06-30,F,,,,,47.22Z,NAFRev2,O,
005650189,00060,00565018900060,O,2016-01-01,NN,,,2024-03-22T15:40:57,false,2,ZAC PLAN ROMAN,11,,,,ALL,DES ROMARINS,04200,SISTERON,,,04209,,,,,,,,,,,,,,,,,,,,,,2017-06-30,F,,,,,10.11Z,NAFRev2,N,
005670062,00032,00567006200032,O,1999-03-01,NN,,,2024-03-30T14:55:24,true,4,,31,,,,AVENUE,DU GENERAL DE GAULLE,44380,PORNICHET,,,44132,,,,,441320550_B,296389.88482727483,6698982.526040586,,,,,,,,,,,,,,,2017-12-25,F,,,,,68.20B,NAFRev2,N,
005670104,00016,00567010400016,O,,NN,,,2024-04-25T09:41:22,true,1,,,,,,PL,DE LA MAIRIE,44290,GUEMENE-PENFAO,,,44067,,,,,,,,,,,,,,,,,,,,,,1984-12-25,F,,,,,67.04,NAP,N,
005670112,00019,00567011200019,O,,NN,,,2024-03-30T03:37:40,true,1,,89,,,,RUE,DE CERTE,44570,TRIGNAC,,,44210,,,,,442100110_C,,,,,,,,,,,,,,,,,1990-06-09,F,,,,,62.43,NAP,N,
005670120,00012,00567012000012,O,,NN,,,2024-03-30T04:45:16,true,1,,,,,,PL,DU MARECHAL LECLERC,44380,PORNICHET,,,44132,,,,,441320825_C,,,,,,,,,,,,,,,,,,F,,,,,64.49,NAP,N,
005670161,00016,00567016100016,O,,NN,,,2024-03-30T12:09:11,true,1,,62,,,,RUE,JEAN JAURES,44600,SAINT-NAZAIRE,,,44184,,,,,441843360_B,306240.0525365777,6699622.859847346,,,,,,,,,,,,,,,1987-11-14,F,,,,,62.43,NAP,N,
005670252,00013,00567025200013,O,,NN,,,2024-03-30T04:15:19,true,1,,,,,,AVENUE,RENE COTY,44600,SAINT-NAZAIRE,,,44184,,,,,441845265_B,306810.291208403,6698821.9629188925,,,,,,,,,,,,,,,1984-12-25,F,,,,,62.43,NAP,N,
005670278,00018,00567027800018,O,,NN,,,2024-03-22T15:40:57,true,1,,,,,,RUE,DE LA PAIX ET DES ARTS,44600,SAINT-NAZAIRE,,,44184,,,,,,,,,,,,,,,,,,,,,,1985-12-25,F,,,,,55.73,NAP,N,
005670310,00019,00567031000019,O,,NN,,,2024-03-30T07:12:43,true,1,,57,,,,CHEMIN,DE BERT,44600,SAINT-NAZAIRE,,,44184,,,,,441840610_B,308217.41844982124,6701924.943187956,,,,,,,,,,,,,,,1988-12-31,F,,,,,87.03,NAP,N,
005670468,00015,00567046800015,O,,NN,,,2024-03-30T00:14:02,true,1,,46,,,,AVENUE,ALBERT DE MUN,44600,SAINT-NAZAIRE,,,44184,,,,,441840060_B,306407.88069532096,6699461.592324142,,,,,,,,,,,,,,,,F,,,,,81.21,NAP,N,
005670542,00017,00567054200017,O,1956-01-01,NN,,,2024-03-30T09:34:38,true,1,,16,,,,RUE,DU DOLMEN,44780,MISSILLAC,,,44098,,,,,44098xx5c_B,307778.2611269205,6719412.023670895,,,,,,,,,,,,,,,2001-12-31,F,,,,,55.4B,NAF1993,N,
005670617,00017,00567061700017,O,,NN,,,2024-03-30T11:37:05,true,1,,,,,,RUE,BAPTISTE MARCET,44570,TRIGNAC,,,44210,,,,,442100038_B,308407.8190412711,6703058.03052958,,,,,,,,,,,,,,,1975-10-24,F,,,,,81.21,NAP,N,
005670773,00018,00567077300018,O,,NN,,,2024-03-29T23:49:39,true,1,,6,,,,QUAI,SURCOUF,44130,BLAIN,,,44015,,,,,440150820_B,341237.3333414339,6718569.029871893,,,,,,,,,,,,,,,1991-03-31,F,,,,,81.21,NAP,N,
005670872,00018,00567087200018,O,,NN,,,2024-03-29T23:22:02,true,1,,,,,,RUE,DE L'ILE DU LIN,44600,SAINT-NAZAIRE,,,44184,,,,,441843100_B,306534.6648236315,6699084.849238456,,,,,,,,,,,,,,,1985-12-25,F,,,,,62.43,NAP,N,
005670898,00013,00567089800013,O,,NN,,,2024-03-30T06:07:31,true,1,,15,,,,RUE,HENRI BRISSON,44600,SAINT-NAZAIRE,,,44184,,,,,441842830_B,305481.9017218848,6699591.430378771,,,,,,,,,,,,,,,,F,,,,,81.21,NAP,N,
005670922,00011,00567092200011,O,,NN,,,2024-03-22T15:40:57,true,1,,,,,,,BOURG,44360,VIGNEUX-DE-BRETAGNE,,,44217,,,,,,,,,,,,,,,,,,,,,,1984-12-25,F,,,,,55.40,NAP,N,
005670948,00016,00567094800016,O,,NN,,,2024-03-30T13:51:00,true,1,,,,,,RUE,FERDINAND BUISSON,44600,SAINT-NAZAIRE,,,44184,,,,,441841950_B,304216.2218363381,6697255.197584168,,,,,,,,,,,,,,,1984-12-25,F,,,,,67.01,NAP,N,
005671037,00017,00567103700017,O,,NN,,,2024-03-30T15:00:34,true,1,,23,,,,AVENUE,VICE AMIRAL HALGAN,44480,DONGES,,,44052,,,,,440520740_B,316871.0603145931,6703250.989168804,,,,,,,,,,,,,,,1990-12-31,F,,,,,64.45,NAP,N,
005671052,00024,00567105200024,O,,NN,,,2024-03-30T18:22:01,true,1,,203,,,,AVENUE,DU MARECHAL DE LATTRE DE TASSIGNY,44500,LA BAULE-ESCOUBLAC,,,44055,,,,,440552290_B,292059.3863940506,6701107.75302282,,,,,,,,,,,,,,,,F,,,,,81.21,NAP,N,
005671102,00019,00567110200019,O,,NN,,,2024-03-30T06:25:42,true,1,,43,,,,RUE,DE PENLYS,44410,LA CHAPELLE-DES-MARAIS,,,44030,,,,,440300680_B,305490.7945064455,6718161.355049566,,,,,,,,,,,,,,,,F,,,,,65.06,NAP,N,
005671136,00025,00567113600025,O,,NN,,,2024-03-30T13:39:39,true,1,,27,,,,RUE,DE SAINT-ETIENNE-DE-MONTLUC,44260,SAVENAY,,,44195,,,,,441951400_B,327667.090071363,6706388.646365459,,,,,,,,,,,,,,,1988-03-31,F,,,,,55.40,NAP,N,
005671284,00015,00567128400015,O,,NN,,,2024-03-30T01:17:58,true,1,,,,,,RUE,ARISTIDE BRIAND,44600,SAINT-NAZAIRE,,,44184,,,,,441840310_B,305571.2057476644,6699475.639048948,,,,,,,,,,,,,,,1984-12-25,F,,,,,62.11,NAP,N,
005671292,00018,00567129200018,O,,NN,,,2024-03-29T23:08:59,true,1,,,,,,RUE,SAINT-MICHEL,44350,GUERANDE,,,44069,,,,,440692180_B,290360.3057735758,6705993.955787389,,,,,,,,,,,,,,,1984-12-25,F,,,,,64.12,NAP,N,
005671334,00018,00567133400018,O,,NN,,,2024-03-30T17:22:24,true,1,,28,,,,RUE,DE LA PAIX,44360,SAINT-ETIENNE-DE-MONTLUC,,,44158,,,,,441581280_B,338794.4170969741,6697133.744867464,,,,,,,,,,,,,,,,F,,,,,87.06,NAP,N,
005671375,00011,00567137500011,O,1956-01-01,NN,,,2024-03-30T00:38:01,true,5,,89,,,,AVENUE,FRANCOIS MITTERRAND,44600,SAINT-NAZAIRE,,,44184,,,,,441842202_B,304854.05595311953,6698438.650987027,,,,,,,,,,,,,,,2008-12-25,F,,,,,68.20B,NAFRev2,N,
005671375,00029,00567137500029,O,1900-01-01,NN,,,2024-03-30T00:59:48,false,4,,,,,,CITE,D HERBINS,44600,SAINT-NAZAIRE,,,44184,,,,,44184A041_C,,,,,,,,,,,,,,,,,1998-12-06,F,,,,,70.2C,NAF1993,N,
005671375,00037,00567137500037,O,1998-12-06,NN,,,2024-03-30T00:38:01,false,4,,37,,,,AVENUE,VILLES CHEVISSENS,44380,PORNICHET,,,44132,,,,,441321530_B,297950.97406246624,6697102.428472085,,,,,,,,,,,,,,,2001-12-31,F,,,,,70.2A,NAF1993,N,
005671383,00015,00567138300015,O,1956-01-01,NN,,,2024-03-30T11:31:24,false,3,,89,,,,AVENUE,FRANCOIS MITTERRAND,44600,SAINT-NAZAIRE,,,44184,,,,,441842202_B,304854.05595311953,6698438.650987027,,,,,,,,,,,,,,,1998-12-25,F,,,,,70.2C,NAF1993,N,
005671383,00023,00567138300023,O,1900-01-01,NN,,,2024-03-30T10:35:11,false,4,,,,,,CITE,D HERBINS,44600,SAINT-NAZAIRE,,,44184,,,,,44184A041_C,,,,,,,,,,,,,,,,,1998-12-06,F,,,,,70.2C,NAF1993,N,
005671383,00031,00567138300031,O,1998-12-06,NN,,,2024-03-30T11:31:24,true,3,,2,,,,RUE,RENE CASSIN,44600,SAINT-NAZAIRE,,,44184,,,,,441845263_B,307140.52132364496,6700676.173946075,,,,,,,,,,,,,,,2007-04-24,F,,,,,70.2C,NAFRev1,N,
005671425,00022,00567142500022,O,,NN,,,2024-03-30T18:24:49,true,1,,2,,,,RUE,AUGUSTE PICCARD,44600,SAINT-NAZAIRE,,,44184,,,,,441840405_B,304863.1840349049,6699949.053415952,,,,,,,,,,,,,,,1994-12-30,F,,,,,66.01,NAP,N,
005671466,00018,00567146600018,O,,NN,,,2024-03-30T00:44:43,true,1,,56,,,,AVENUE,DE LA REPUBLIQUE,44600,SAINT-NAZAIRE,,,44184,,,,,441845330_B,306295.3366890345,6699540.054531312,,,,,,,,,,,,,,,1995-01-24,F,,,,,52.4F,NAF1993,O,
005671516,00010,00567151600010,O,,NN,,,2024-04-25T09:32:00,true,1,,,,,,PL,DE LA MAIRIE,44290,GUEMENE-PENFAO,,,44067,,,,,,,,,,,,,,,,,,,,,,,F,,,,,87.06,NAP,N,
005671532,00017,00567153200017,O,,NN,,,2024-03-30T04:08:36,true,1,,148,,,,AVENUE,DE MAZY,44380,PORNICHET,,,44132,,,,,441320850_B,296290.97345473676,6699117.598087354,,,,,,,,,,,,,,,,F,,,,,64.45,NAP,N,
005671565,00017,00567156500017,O,,NN,,,2024-03-30T12:09:06,true,1,,1,,,,PLACE,DE L'EGLISE,44290,GUEMENE-PENFAO,,,44067,,,,,440670120_B,337301.6684225008,6736567.153722936,,,,,,,,,,,,,,,1991-12-09,F,,,,,52.2C,NAF1993,N,
005671581,00014,00567158100014,O,,NN,,,2024-03-30T02:09:20,true,1,,,,,,RUE,ALBERT THOMAS,44600,SAINT-NAZAIRE,,,44184,,,,,441840080_B,307654.90493489173,6701163.804932952,,,,,,,,,,,,,,,1984-12-25,F,,,,,64.11,NAP,N,
005671722,00014,00567172200014,O,,NN,,,2024-03-30T12:18:37,true,1,,,,,,ROUTE,DE SAINT-NAZAIRE,44160,BESNE,,,44013,,,,,440130186_B,316054.353403784,6711092.226560829,,,,,,,,,,,,,,,1984-12-25,F,,,,,65.06,NAP,N,
005671763,00018,00567176300018,O,,NN,,,2024-03-22T15:40:57,true,1,,,,,,LD,LA JAUNAIS,44170,MARSAC-SUR-DON,,,44091,,,,,,,,,,,,,,,,,,,,,,,F,,,,,01.80,NAP,N,
005671839,00024,00567183900024,O,,NN,,,2024-03-30T10:59:02,true,1,,40,,,,BOULEVARD,WINSTON CHURCHILL,44100,NANTES,,,44109,,,,,441098585_B,351174.74017668195,6688869.3723545475,,,,,,,,,,,,,,,1993-03-31,F,,,,,52.4N,NAF1993,N,
005671847,00019,00567184700019,O,,NN,,,2024-03-30T13:19:48,true,1,,,,,,RUE,JEAN MACE,44600,SAINT-NAZAIRE,,,44184,,,,,441843370_B,305760.5764181771,6698728.812348789,,,,,,,,,,,,,,,1985-12-25,F,,,,,81.21,NAP,N,
005671870,00011,00567187000011,O,1956-01-01,NN,,,2024-03-29T22:37:18,true,5,,17,,,,FAUBOURG,SAINT-MICHEL,44350,GUERANDE,,,44069,,,,,440692179_B,290518.19486726803,6705917.615816439,,,,,,,,,,,,,,,2017-08-16,F,,,,,55.10Z,NAFRev2,O,
005671904,00026,00567190400026,O,,NN,,,2024-03-30T16:04:31,true,1,,,,,,ROUTE,DE MISSILLAC,44530,SAINT-GILDAS-DES-BOIS,,,44161,,,,,441610200_B,320506.2810646397,6724860.839495332,,,,,,,,,,,,,,,1987-09-30,F,,,,,55.73,NAP,N,
005671953,00015,00567195300015,O,,NN,,,2024-03-22T15:40:57,true,1,,,,,,LD,N D DE GRACE,44530,GUENROUET,,,44068,,,,,,,,,,,,,,,,,,,,,,1984-12-25,F,,,,,55.40,NAP,N,
005672068,00011,00567206800011,O,,NN,,,2024-03-30T14:25:46,true,1,,2,,,,RUE,JULES VERNE,44600,SAINT-NAZAIRE,,,44184,,,,,441843600_B,308024.1315868917,6701306.692917947,,,,,,,,,,,,,,,1996-01-11,F,,,,,52.1J,NAF1993,N,
005672175,00014,00567217500014,O,1956-01-01,NN,,,2024-03-30T05:29:21,true,1,,2,,,,RUE,SAINT-CYR,44410,HERBIGNAC,,,44072,,,,,440720380_B,299592.3286832406,6718925.089823546,,,,,,,,,,,,,,,1999-09-30,F,,,,,52.1B,NAF1993,O,
005672324,00018,00567232400018,O,,NN,,,2024-03-30T15:06:07,true,1,,36,,,,AVENUE,DE LA PAIX,44480,DONGES,,,44052,,,,,440520540_B,316915.67142653867,6703187.898014065,,,,,,,,,,,,,,,,F,,,,,67.04,NAP,N,
005672340,00014,00567234000014,O,,NN,,,2024-03-22T15:40:57,true,1,,,,,,LD,LE DRESNY,44630,PLESSE,,,44128,,,,,,,,,,,,,,,,,,,,,,1987-07-31,F,,,,,38.40,NAP,N,
005672472,00015,00567247200015,O,,NN,,,2024-03-30T06:43:16,true,1,,,,,,RUE,JEAN JAURES,44550,MONTOIR-DE-BRETAGNE,,,44103,,,,,441030580_B,311264.28090086783,6704556.2873066785,,,,,,,,,,,,,,,1984-12-25,F,,,,,81.21,NAP,N,
005672605,00010,00567260500010,O,,NN,,,2024-03-29T23:49:30,true,1,,,,,,RUE,RENE LAENNEC,44480,DONGES,,,44052,,,,,440520600_B,316936.36602620676,6703291.867502458,,,,,,,,,,,,,,,1984-12-25,F,,,,,38.40,NAP,N,
005672613,00014,00567261300014,O,,NN,,,2024-03-22T15:40:57,true,1,,,,,,LD,LE BOURG,44290,PIERRIC,,,44123,,,,,,,,,,,,,,,,,,,,,,,F,,,,,55.71,NAP,N,
005672621,00017,00567262100017,O,,NN,,,2024-03-30T09:41:19,true,1,,,,,,CHAMP,CROULARD,44360,SAINT-ETIENNE-DE-MONTLUC,,,44158,,,,,44158B198_B,335927.65036171384,6696282.5974860955,,,,,,,,,,,,,,,1988-06-30,F,,,,,57.02,NAP,N,
005672696,00019,00567269600019,O,,NN,,,2024-03-22T15:40:57,true,1,,,,,,,BOURG,44360,CORDEMAIS,,,44045,,,,,,,,,,,,,,,,,,,,,,1984-12-25,F,,,,,62.43,NAP,N,
005672779,00013,00567277900013,O,,NN,,,2024-04-25T09:41:16,true,1,,,,,,PL,DE L EGLISE,44130,FAY-DE-BRETAGNE,,,44056,,,,,,,,,,,,,,,,,,,,,,1987-06-30,F,,,,,55.10,NAP,N,
005672886,00024,00567288600024,O,,NN,,,2024-03-30T18:30:55,true,1,,18,,,,AVENUE,DE LA REPUBLIQUE,44600,SAINT-NAZAIRE,,,44184,,,,,441845330_B,306188.2481941218,6699172.754888968,,,,,,,,,,,,,,,1987-06-30,F,,,,,64.11,NAP,N,
005672910,00014,00567291000014,O,,NN,,,2024-03-30T01:39:30,true,1,,,,,,AVENUE,DE LA REPUBLIQUE,44600,SAINT-NAZAIRE,,,44184,,,,,441845330_B,306283.95956953056,6699592.571782289,,,,,,,,,,,,,,,1984-12-25,F,,,,,64.11,NAP,N,
005673033,00022,00567303300022,O,,NN,,,2024-03-30T15:33:22,true,1,,104,,,,CHEMIN,DE PORCE,44600,SAINT-NAZAIRE,,,44184,,,,,441845020_B,302933.00682803197,6697203.19771093,,,,,,,,,,,,,,,1994-03-31,F,,,,,52.6D,NAF1993,N,
005673157,00011,00567315700011,O,,NN,,,2024-03-22T15:40:57,true,1,,,,,,,Q SAINT PIERRE,44420,LA TURBALLE,,,44211,,,,,,,,,,,,,,,,,,,,,,1984-12-25,F,,,,,81.21,NAP,N,
005673165,00014,00567316500014,O,1956-01-01,NN,,,2024-03-30T12:28:46,true,4,,,,,,QUAI,SAINT-PIERRE,44420,LA TURBALLE,,,44211,,,,,442111060_B,284251.9543922627,6708657.232586858,,,,,,,,,,,,,,,1999-07-11,F,,,,,70.2C,NAF1993,N,
005673173,00018,00567317300018,O,1956-01-01,NN,,,2024-03-30T05:32:12,true,4,,44,,,,RUE,JEAN JAURES,44600,SAINT-NAZAIRE,,,44184,,,,,441843360_B,306371.6492897458,6699588.556965778,,,,,,,,,,,,,,,2008-01-01,F,,,,,68.20B,NAFRev2,N,
005673207,00014,00567320700014,O,1956-01-01,NN,,,2024-03-22T15:40:57,true,5,,,,,,LD,LE GRAND MOMESSON,44130,BOUVRON,,,44023,,,,,,,,,,,,,,,,,,,,,,2008-01-01,F,,,,,01.43Z,NAFRev2,N,
005673231,00014,00567323100014,O,,NN,,,2024-03-22T15:40:57,true,1,,,,,,,Q SAINT PIERRE,44420,LA TURBALLE,,,44211,,,,,,,,,,,,,,,,,,,,,,1984-12-25,F,,,,,81.21,NAP,N,
005673280,00011,00567328000011,O,,NN,,,2024-03-30T01:46:15,true,1,,5,,,,RUE,DE NANTES,44360,LE TEMPLE-DE-BRETAGNE,,,44203,,,,,442030244_B,338392.42481107713,6702967.711616709,,,,,,,,,,,,,,,1984-12-25,F,,,,,38.40,NAP,N,
005673314,00018,00567331400018,O,,NN,,,2024-03-30T07:39:13,true,1,,,,,,RUE,DU MAINE,44600,SAINT-NAZAIRE,,,44184,,,,,441843970_B,306350.05656595924,6699345.519014483,,,,,,,,,,,,,,,1984-12-25,F,,,,,81.21,NAP,N,
005673322,00011,00567332200011,O,,NN,,,2024-03-22T15:40:57,true,1,,,,,,,Q SAINT PIERRE,44420,LA TURBALLE,,,44211,,,,,,,,,,,,,,,,,,,,,,1984-12-25,F,,,,,81.21,NAP,N,
005673348,00016,00567334800016,O,1956-01-01,NN,,,2024-04-29T11:44:44,true,6,,66,,,,AVENUE,DU GENERAL DE GAULLE,44500,LA BAULE-ESCOUBLAC,,,44055,,,,,440551380_B,292764.0647877416,6701010.416630105,,,,,,,,,,,,,,,2023-11-12,F,,,,,68.20B,NAFRev2,N,
005673405,00014,00567340500014,O,,NN,,,2024-03-30T07:29:50,true,1,,,,,,PLACE,DE L'EGLISE,44630,PLESSE,,,44128,,,,,441280229_B,332604.2460820122,6727024.117323931,,,,,,,,,,,,,,,1985-12-25,F,,,,,47.04,NAP,N,
005673439,00013,00567343900013,O,,NN,,,2024-03-30T07:30:38,true,1,,,,,,BOULEVARD,VICTOR HUGO,44600,SAINT-NAZAIRE,,,44184,,,,,441845840_B,305968.40255551046,6699714.7440455835,,,,,,,,,,,,,,,1984-12-25,F,,,,,67.04,NAP,N,
005673611,00025,00567361100025,O,,NN,,,2024-03-30T11:24:06,true,1,,1,,,,RUE,DU REQUIERT,44490,LE CROISIC,,,44049,,,,,440496eai_B,283911.83221335104,6702559.905314137,,,,,,,,,,,,,,,1990-07-01,F,,,,,81.21,NAP,N,
005673678,00016,00567367800016,O,,NN,,,2024-03-22T15:40:57,true,1,,,,,,,,44460,SAINT-NICOLAS-DE-REDON,,,44185,,,,,,,,,,,,,,,,,,,,,,1984-12-25,F,,,,,67.07,NAP,N,
005673710,00017,00567371000017,O,,NN,,,2024-03-30T17:47:16,true,1,,230,,,,AVENUE,DU MARECHAL DE LATTRE DE TASSIGNY,44500,LA BAULE-ESCOUBLAC,,,44055,,,,,440552290_B,292748.5568433742,6701283.259036324,,,,,,,,,,,,,,,1999-01-29,F,,,,,64.11,NAP,N,
005673751,00011,00567375100011,O,,NN,,,2024-03-30T13:30:59,true,1,,,,,,PLACE,DES QUATRE Z'HORLOGES,44600,SAINT-NAZAIRE,,,44184,,,,,441845206_B,306685.3143117556,6698844.3514977805,,,,,,,,,,,,,,,1981-04-30,F,,,,,58.09,NAP,N,
005673801,00014,00567380100014,O,,NN,,,2024-03-30T18:00:12,true,1,,,,,,RUE,DE PORNICHET,44600,SAINT-NAZAIRE,,,44184,,,,,441845040_B,305316.858968562,6698272.37869516,,,,,,,,,,,,,,,1985-12-25,F,,,,,64.41,NAP,N,
005673884,00010,00567388400010,O,,NN,,,2024-03-30T18:37:05,true,1,,,,,,AVENUE,HENRI BERTHO,44500,LA BAULE-ESCOUBLAC,,,44055,,,,,4405524yey7_B,295394.2282478333,6701852.752822998,,,,,,,,,,,,,,,1985-12-25,F,,,,,62.11,NAP,N,
005673892,00013,00567389200013,O,,NN,,,2024-03-30T06:16:35,true,1,,19,,,,PLACE,DINAN,44490,LE CROISIC,,,44049,,,,,440490820_B,283930.6898749225,6702543.554748989,,,,,,,,,,,,,,,1984-12-25,F,,,,,67.04,NAP,N,
005673926,00027,00567392600027,O,1997-01-01,NN,,,2024-03-29T22:32:43,true,3,,29,,,,AVENUE,DE LA REPUBLIQUE,44600,SAINT-NAZAIRE,,,44184,,,,,441845330_B,306183.65915772144,6699260.335491494,,,,,,,,,,,,,,,2005-12-31,F,,,,,70.2C,NAFRev1,N,
005673983,00010,00567398300010,O,1956-01-01,NN,,,2024-03-30T15:17:14,true,1,,7,,,,RUE,GENERAL LECLERC,44510,LE POULIGUEN,,,44135,,,,,441350530_B,289888.3623133313,6700562.43531159,,,,,,,,,,,,,,,2002-12-31,F,,,,,74.8B,NAF1993,N,
005673991,00013,00567399100013,O,,NN,,,2024-03-30T07:09:00,true,1,,,,,,RUE,DE LA PAIX ET DES ARTS,44600,SAINT-NAZAIRE,,,44184,,,,,441844540_B,306186.73098779056,6699302.2124787625,,,,,,,,,,,,,,,1984-12-25,F,,,,,67.01,NAP,N,
005674031,00025,00567403100025,O,,NN,,,2024-03-22T15:40:57,true,1,,,,,,LD,KERCABELLEC,44420,MESQUER,,,44097,,,,,,,,,,,,,,,,,,,,,,1992-03-16,F,,,,,70.2C,NAF1993,N,
005674064,00018,00567406400018,O,,NN,,,2024-03-22T15:40:57,true,1,,41,,,,LD,LA TOUCHE BASSE,44260,LA CHAPELLE-LAUNAY,,,44033,,,,,,,,,,,,,,,,,,,,,,1997-12-31,F,,,,,70.2C,NAF1993,N,
005674080,00014,00567408000014,O,,NN,,,2024-03-30T06:44:02,true,1,,,,,,RUE,DE TRIGNAC,44600,SAINT-NAZAIRE,,,44184,,,,,441845740_B,308184.0995895065,6701343.809914322,,,,,,,,,,,,,,,1984-12-25,F,,,,,64.22,NAP,N,
005674130,00017,00567413000017,O,,NN,,,2024-03-22T15:40:57,true,1,,,,,,LD,LE DRESNY,44630,PLESSE,,,44128,,,,,,,,,,,,,,,,,,,,,,1984-12-25,F,,,,,62.11,NAP,N,
005674163,00018,00567416300018,O,,NN,,,2024-03-22T15:40:57,true,1,,,,,,LD,LE DRESNY,44630,PLESSE,,,44128,,,,,,,,,,,,,,,,,,,,,,1995-12-25,F,,,,,70.2C,NAF1993,N,
005674254,00015,00567425400015,O,,NN,,,2024-03-30T04:08:27,true,1,,,,,,RUE,DE LA GARE,44530,SAINT-GILDAS-DES-BOIS,,,44161,,,,,441610120_B,320673.66624648846,6725125.535172958,,,,,,,,,,,,,,,1984-12-25,F,,,,,62.11,NAP,N,
005674270,00045,00567427000045,O,2001-04-01,NN,,,2024-03-22T15:40:57,true,1,,7,,,,RUE,DE BORDEAUX,44130,BOUVRON,,,44023,,,,,,,,,,,,,,,,,,,,,,2001-04-01,F,,,,,67.2Z,NAF1993,N,
005674320,00014,00567432000014,O,,NN,,,2024-03-30T14:23:39,true,1,,,,,,BOULEVARD,EMILE ZOLA,44600,SAINT-NAZAIRE,,,44184,,,,,441841790_B,308154.42576703907,6701804.296920012,,,,,,,,,,,,,,,1984-12-25,F,,,,,81.21,NAP,N,
005674338,00016,00567433800016,O,1956-01-01,NN,,,2024-03-30T17:06:26,true,5,,54,,,,RUE,JEAN MACE,44600,SAINT-NAZAIRE,,,44184,,,,,441843370_B,305688.98071939894,6698707.167515494,,,,,,,,,,,,,,,2008-12-25,F,,,,,68.20B,NAFRev2,N,
005674346,00019,00567434600019,O,,NN,,,2024-03-22T15:40:57,true,1,,,,,,LD,SAINT ARMEL,44460,FEGREAC,,,44057,,,,,,,,,,,,,,,,,,,,,,1984-12-25,F,,,,,62.11,NAP,N,
005674411,00011,00567441100011,O,,NN,,,2024-03-30T12:35:29,true,1,,57,,,,BOULEVARD,VICTOR HUGO,44600,SAINT-NAZAIRE,,,44184,,,,,441845840_B,306024.0746167434,6699982.579044936,,,,,,,,,,,,,,,1990-05-31,F,,,,,64.23,NAP,N,
005674478,00010,00567447800010,O,,NN,,,2024-03-30T06:37:07,true,1,,6,,,,RUE,DU BOIS,44510,LE POULIGUEN,,,44135,,,,,441350260_B,289883.04459612473,6700337.776149868,,,,,,,,,,,,,,,,F,,,,,64.46,NAP,N,
005674502,00017,00567450200017,O,,NN,,,2024-03-30T17:34:50,true,1,,35,,,,RUE,JEAN 23,44740,BATZ-SUR-MER,,,44010,,,,,440100940_C,,,,,,,,,,,,,,,,,,F,,,,,62.11,NAP,N,
005674569,00016,00567456900016,O,1956-01-01,NN,,,2024-03-30T12:37:25,true,1,,,,,,RUE,DU GOLF,44740,BATZ-SUR-MER,,,44010,,,,,440100920_B,286335.87154999777,6700101.092375594,,,,,,,,,,,,,,,1998-07-10,F,,,,,70.2C,NAF1993,N,
005674593,00016,00567459300016,O,,NN,,,2024-03-30T05:50:32,true,1,,16,,,,,GRANDE RUE,44740,BATZ-SUR-MER,,,44010,,,,,440101800_B,286140.4746153403,6700667.845876197,,,,,,,,,,,,,,,1984-12-25,F,,,,,62.43,NAP,N,
005674726,00012,00567472600012,O,,NN,,,2024-03-30T12:14:48,true,1,,53,,,,AVENUE,DE LA REPUBLIQUE,44600,SAINT-NAZAIRE,,,44184,,,,,441845330_B,306208.5704374762,6699409.085830233,,,,,,,,,,,,,,,,F,,,,,64.11,NAP,N,
005674817,00019,00567481700019,O,,NN,,,2024-03-29T23:36:24,true,1,,,,,,AVENUE,MONCHICOURT,44500,LA BAULE-ESCOUBLAC,,,44055,,,,,440552540_B,292023.2282526168,6701240.1655722875,,,,,,,,,,,,,,,1984-12-25,F,,,,,64.12,NAP,N,
005674825,00012,00567482500012,O,,NN,,,2024-03-30T16:15:41,true,1,,65,,,,AVENUE,DE LA REPUBLIQUE,44600,SAINT-NAZAIRE,,,44184,,,,,441845330_B,306241.7738113426,6699540.033016761,,,,,,,,,,,,,,,1991-02-11,F,,,,,64.11,NAP,N,
005674841,00019,00567484100019,O,,NN,,,2024-03-30T14:03:16,true,1,,16,,,,RUE,DES CHANTIERS,44600,SAINT-NAZAIRE,,,44184,,,,,441840940_B,307753.07082180545,6700713.274386474,,,,,,,,,,,,,,,1989-05-31,F,,,,,87.03,NAP,N,
005674924,00021,00567492400021,O,,NN,,,2024-03-29T23:34:58,true,1,,9,,,,RUE,DE L'ISAU,44600,SAINT-NAZAIRE,,,44184,,,,,441843150_B,307545.1295841516,6701136.863230719,,,,,,,,,,,,,,,,F,,,,,64.11,NAP,N,
005674965,00016,00567496500016,O,,NN,,,2024-03-22T15:40:57,true,1,,,,,,LD,SACRE COEUR,44410,LA CHAPELLE-DES-MARAIS,,,44030,,,,,,,,,,,,,,,,,,,,,,1984-12-25,F,,,,,64.24,NAP,N,
005675053,00010,00567505300010,O,,NN,,,2024-03-30T18:31:54,true,1,,,,,,RUE,DE CARDURAND,44600,SAINT-NAZAIRE,,,44184,,,,,441840860_B,306178.37115603127,6700156.502911542,,,,,,,,,,,,,,,1984-12-25,F,,,,,64.49,NAP,N,
005675095,00011,00567509500011,O,,NN,,,2024-03-30T01:56:49,true,1,,117,,,,AVENUE,DE LA REPUBLIQUE,44600,SAINT-NAZAIRE,,,44184,,,,,441845330_B,306411.2492438821,6700145.338030206,,,,,,,,,,,,,,,1990-08-07,F,,,,,67.04,NAP,N,
005675111,00024,00567511100024,O,,NN,,,2024-03-30T02:27:50,true,1,,43,,,,AVENUE,DU MARECHAL FRANCHET D'ESPEREY,44500,LA BAULE-ESCOUBLAC,,,44055,,,,,440552310_B,291827.4240610819,6701311.482372117,,,,,,,,,,,,,,,2001-01-01,F,,,,,70.2C,NAF1993,N,
005675210,00016,00567521000016,O,,NN,,,2024-03-30T09:03:57,true,1,,,,,,PLACE,DE L'EGLISE,44750,CAMPBON,,,44025,,,,,440250090_B,325565.4432588423,6713144.675184116,,,,,,,,,,,,,,,1988-06-30,F,,,,,62.43,NAP,N,
005675228,00018,00567522800018,O,,NN,,,2024-03-30T11:56:33,true,1,,,,,,PLACE,DE L'EGLISE,44750,CAMPBON,,,44025,,,,,440250090_B,325565.4432588423,6713144.675184116,,,,,,,,,,,,,,,1988-06-30,F,,,,,62.43,NAP,N,
005675343,00015,00567534300015,O,,NN,,,2024-03-22T15:40:57,true,1,,,,,,,,44410,SAINT-LYPHARD,,,44175,,,,,,,,,,,,,,,,,,,,,,1984-12-25,F,,,,,64.22,NAP,N,
005675350,00010,00567535000010,O,,NN,,,2024-03-22T15:40:57,true,1,,,,,,LD,LE RODOIR ARGENTAN,44410,HERBIGNAC,,,44072,,,,,,,,,,,,,,,,,,,,,,,F,,,,,67.04,NAP,N,
005675384,00019,00567538400019,O,,NN,,,2024-03-30T11:12:36,true,1,,,,,,AVENUE,DU GENERAL DE GAULLE,44500,LA BAULE-ESCOUBLAC,,,44055,,,,,440551380_B,292754.47402242455,6701015.3034819905,,,,,,,,,,,,,,,1984-12-25,F,,,,,64.12,NAP,N,
005675400,00013,00567540000013,O,,NN,,,2024-03-30T08:08:51,true,1,,25,,,,AVENUE,DE LA REPUBLIQUE,44600,SAINT-NAZAIRE,,,44184,,,,,441845330_B,306178.77790756576,6699241.510675477,,,,,,,,,,,,,,,1997-12-31,F,,,,,52.4C,NAF1993,O,
005675459,00019,00567545900019,O,1956-01-01,NN,,,2024-03-30T14:36:17,true,5,,7,,,,RUE,NANTAISE,44160,PONTCHATEAU,,,44129,,,,,441290360_B,316836.8617483911,6716457.898484936,,,,,,,,,,,,,,,2008-01-01,F,,,,,68.20B,NAFRev2,N,
005675483,00019,00567548300019,O,,NN,,,2024-03-30T16:26:14,true,1,,,,,,AVENUE,PIERRE LOTI,44500,LA BAULE-ESCOUBLAC,,,44055,,,,,440552910_B,291872.66982476786,6700836.404692298,,,,,,,,,,,,,,,1984-12-25,F,,,,,77.01,NAP,N,
005675624,00018,00567562400018,O,,NN,,,2024-03-30T09:44:40,true,1,,,,,,RUE,JEAN JAURES,44600,SAINT-NAZAIRE,,,44184,,,,,441843360_B,306339.7869787147,6699591.33074116,,,,,,,,,,,,,,,1984-12-25,F,,,,,81.21,NAP,N,
005675715,00014,00567571500014,O,,NN,,,2024-03-22T15:40:57,true,1,,,,,,RTE,DE PLESSE,44460,AVESSAC,,,44007,,,,,,,,,,,,,,,,,,,,,,,F,,,,,62.11,NAP,N,
005675822,00018,00567582200018,O,,NN,,,2024-03-30T16:06:53,true,1,,,,,,PLACE,DE LA GARE,44480,DONGES,,,44052,,,,,440520320_B,316954.7154025397,6703082.978237141,,,,,,,,,,,,,,,1984-12-25,F,,,,,67.08,NAP,N,
005675855,00018,00567585500018,O,,NN,,,2024-03-30T05:38:37,true,1,,5,,,,RUE,SAINTE-CATHERINE,44160,PONTCHATEAU,,,44129,,,,,441290560_B,316640.778283192,6716346.542312007,,,,,,,,,,,,,,,,F,,,,,81.21,NAP,N,
005675863,00012,00567586300012,O,,NN,,,2024-03-30T10:26:29,true,1,,5,,,,RUE,SAINTE-CATHERINE,44160,PONTCHATEAU,,,44129,,,,,441290560_B,316640.778283192,6716346.542312007,,,,,,,,,,,,,,,,F,,,,,81.21,NAP,N,
005675871,00015,00567587100015,O,,NN,,,2024-03-29T22:32:32,true,1,,5,,,,RUE,SAINTE-CATHERINE,44160,PONTCHATEAU,,,44129,,,,,441290560_B,316640.778283192,6716346.542312007,,,,,,,,,,,,,,,,F,,,,,81.21,NAP,N,
005675897,00010,00567589700010,O,,NN,,,2024-03-30T06:29:53,true,1,,5,,,,RUE,SAINTE-CATHERINE,44160,PONTCHATEAU,,,44129,,,,,441290560_B,316640.778283192,6716346.542312007,,,,,,,,,,,,,,,,F,,,,,67.04,NAP,N,
005675921,00026,00567592100026,O,1900-01-01,NN,,,2024-03-29T23:02:50,true,4,,6,,,,RUE,FRANCOIS DORVAULT,44360,SAINT-ETIENNE-DE-MONTLUC,,,44158,,,,,44158uxo4_B,338841.77189539117,6697185.292408396,,,,,,,,,,,,,,,2008-01-01,F,,,,,96.02A,NAFRev2,N,
005675947,00013,00567594700013,O,,NN,,,2024-03-30T13:25:19,true,1,,,,,,RUE,DE TRIGNAC,44600,SAINT-NAZAIRE,,,44184,,,,,441845740_B,308184.0995895065,6701343.809914322,,,,,,,,,,,,,,,1984-12-25,F,,,,,67.03,NAP,N,
005675996,00010,00567599600010,O,,NN,,,2024-03-30T07:40:20,true,1,,94,,,,AVENUE,DU GENERAL DE GAULLE,44600,SAINT-NAZAIRE,,,44184,,,,,441842457_B,305911.27634207095,6699072.291536289,,,,,,,,,,,,,,,1993-06-30,F,,,,,52.4V,NAF1993,N,
005676002,00016,00567600200016,O,,NN,,,2024-03-22T15:40:57,true,1,,,,,,LD,TABAGO,44460,SAINT-NICOLAS-DE-REDON,,,44185,,,,,,,,,,,,,,,,,,,,,,1985-12-25,F,,,,,55.71,NAP,N,
005676010,00019,00567601000019,O,,NN,,,2024-03-30T11:32:34,true,1,,,,,,AVENUE,DE L'HALLALI,44500,LA BAULE-ESCOUBLAC,,,44055,,,,,440551610_B,293269.3890450646,6701051.255917702,,,,,,,,,,,,,,,1984-12-25,F,,,,,64.22,NAP,N,
005676093,00015,00567609300015,O,,NN,,,2024-03-30T01:59:59,true,1,,89,,,,RUE,JEAN JAURES,44600,SAINT-NAZAIRE,,,44184,,,,,441843360_B,306025.9141828419,6699659.953352821,,,,,,,,,,,,,,,,F,,,,,62.41,NAP,N,
005676101,00016,00567610100016,O,,NN,,,2024-03-30T05:51:50,true,1,,,,,,BOULEVARD,DE VILLENEUVE,44160,PONTCHATEAU,,,44129,,,,,441290620_B,317044.5447348252,6716137.820315154,,,,,,,,,,,,,,,1984-12-25,F,,,,,64.11,NAP,N,
005676119,00018,00567611900018,O,,NN,,,2024-03-30T02:38:31,true,1,,,,,,AVENUE,DES IBIS,44500,LA BAULE-ESCOUBLAC,,,44055,,,,,440551760_B,292486.80545280117,6701131.595625649,,,,,,,,,,,,,,,1984-12-25,F,,,,,62.43,NAP,N,
005676168,00015,00567616800015,O,,NN,,,2024-03-22T15:40:57,true,1,,59,,,,RUE,DE FEDRUN,44720,SAINT-JOACHIM,,,44168,,,,,,,,,,,,,,,,,,,,,,1984-12-25,F,,,,,67.04,NAP,N,
005676234,00015,00567623400015,O,,NN,,,2024-03-30T01:30:04,true,1,,,,,,AVENUE,HENRI BERTHO,44500,LA BAULE-ESCOUBLAC,,,44055,,,,,4405524yey7_B,295394.2282478333,6701852.752822998,,,,,,,,,,,,,,,1984-12-25,F,,,,,67.04,NAP,N,
005676259,00012,00567625900012,O,,NN,,,2024-03-30T04:09:01,true,1,,,,,,,LE GRAVIER,44130,BLAIN,,,44015,,,,,44015zkxenq_B,340894.3361997199,6718379.089120509,,,,,,,,,,,,,,,1987-03-31,F,,,,,67.04,NAP,N,
005676333,00031,00567633300031,O,,NN,,,2024-03-30T17:37:10,true,1,,,,,,,BERRIEN,44600,SAINT-NAZAIRE,,,44184,,,,,44184B015_C,,,,,,,,,,,,,,,,,1993-12-20,F,,,,,52.4V,NAF1993,N,
005676358,00012,00567635800012,O,,NN,,,2024-03-22T15:40:57,true,1,,,,,,,BOURG,44460,AVESSAC,,,44007,,,,,,,,,,,,,,,,,,,,,,,F,,,,,64.11,NAP,N,
005676432,00015,00567643200015,O,,NN,,,2024-03-30T08:11:00,true,1,,31,,,,,PONT BRIEN,44600,SAINT-NAZAIRE,,,44184,,,,,44184B350_C,,,,,,,,,,,,,,,,,1984-12-25,F,,,,,55.73,NAP,N,
005676473,00019,00567647300019,O,,NN,,,2024-03-30T06:42:31,true,1,,47,B,,,AVENUE,DU GENERAL DE GAULLE,44380,PORNICHET,,,44132,,,,,441320550_B,296427.9573936734,6698884.532599389,,,,,,,,,,,,,,,1995-12-31,F,,,,,70.2C,NAF1993,N,
005680061,00016,00568006100016,O,,NN,,,2024-03-22T15:40:57,true,1,,,,,,RUE,HENRI GAUTIER,44600,SAINT-NAZAIRE,,,44184,,,,,,,,,,,,,,,,,,,,,,1984-12-25,F,,,,,00.97,NAP,N,
005680087,00011,00568008700011,O,,NN,,,2024-03-22T15:40:57,true,1,,,,,,AV,DU GENERAL DE GAULLE,44500,LA BAULE-ESCOUBLAC,,,44055,,,,,,,,,,,,,,,,,,,,,,1984-12-25,F,,,,,87.06,NAP,N,
005680111,00019,00568011100019,O,,NN,,,2024-03-22T15:40:57,true,1,,,,,,AV,DES ORMES,44500,LA BAULE-ESCOUBLAC,,,44055,,,,,,,,,,,,,,,,,,,,,,1984-12-25,F,,,,,55.60,NAP,N,
005680145,00017,00568014500017,O,1956-01-01,21,2023,,2025-12-05T23:26:08,true,5,LA PROVIDENCE,73,,,,RUE,HENRI GAUTIER,44550,MONTOIR-DE-BRETAGNE,,,44103,,,,,441030520_B,309597.7626758932,6703162.100942472,,,,,,,,,,,,,,,2015-12-31,A,,,,,22.22Z,NAFRev2,O,22.22Y
005680152,00013,00568015200013,O,,NN,,,2024-03-22T15:40:57,true,1,,,,,,RUE,DU CDT GUSTAVE GATE,44600,SAINT-NAZAIRE,,,44184,,,,,,,,,,,,,,,,,,,,,,1984-12-25,F,,,,,00.97,NAP,N,
005680236,00014,00568023600014,O,1956-01-01,NN,,,2024-03-22T15:40:57,true,5,,10,,,,AV,DE LA REPUBLIQUE,44600,SAINT-NAZAIRE,,,44184,,,,,,,,,,,,,,,,,,,,,,2013-12-30,F,,,,,47.71Z,NAFRev2,O,
005680244,00018,00568024400018,O,,NN,,,2024-03-30T12:11:05,true,1,,2,,,,AVENUE,PIERRE LOTI,44500,LA BAULE-ESCOUBLAC,,,44055,,,,,440552910_B,291679.3788526123,6700789.8651890345,,,,,,,,,,,,,,,,F,,,,,67.08,NAP,N,
005680335,00014,00568033500014,O,,NN,,,2024-03-22T15:40:57,true,1,,33,,,,RUE,JEAN JAURES,44550,MONTOIR-DE-BRETAGNE,,,44103,,,,,,,,,,,,,,,,,,,,,,1994-07-08,F,,,,,70.2C,NAF1993,N,
005680376,00026,00568037600026,O,1984-05-18,NN,,,2024-03-30T00:03:49,true,4,ZA DE LA LANDE,,,,,RUE,DE LA LANDE,44350,GUERANDE,,,44069,,,,,440691190_B,292253.6781811872,6705736.074966767,,,,,,,,,,,,,,,2001-12-31,F,,,,,28.5D,NAF1993,O,
005680376,00034,00568037600034,O,1996-01-15,NN,,,2024-03-30T00:03:49,false,3,ZA LA POULASSE,,,,,AVENUE,DU LION,83210,SOLLIES-PONT,,,83130,,,,,831300325_B,947994.8660489756,6238417.263138146,,,,,,,,,,,,,,,1999-01-14,F,,,,,28.5D,NAF1993,N,
005680384,00012,00568038400012,O,1956-01-01,NN,,,2024-03-22T15:40:57,true,5,,9,,,,PL,D AIGUILLON,44490,LE CROISIC,,,44049,,,,,,,,,,,,,,,,,,,,,,2016-05-01,F,,,,,47.73Z,NAFRev2,O,
005680392,00015,00568039200015,O,,NN,,,2024-03-22T15:40:57,true,1,,,,,,RUE,DE TRIGNAC,44600,SAINT-NAZAIRE,,,44184,,,,,,,,,,,,,,,,,,,,,,1984-12-25,F,,,,,32.04,NAP,N,
005680400,00024,00568040000024,O,,NN,,,2024-03-22T15:40:57,true,1,,7,,,,AV,VILLES BABIN,44380,PORNICHET,,,44132,,,,,,,,,,,,,,,,,,,,,,1992-12-01,F,,,,,70.1C,NAF1993,N,
005680467,00023,00568046700023,O,,NN,,,2024-03-22T15:40:57,true,1,,32,,,,RUE,FABERT,75007,PARIS 7,,,75107,,,,,,,,,,,,,,,,,,,,,,,F,,,,,67.08,NAP,N,
005680491,00023,00568049100023,O,1988-07-07,NN,,,2024-03-22T15:40:57,true,1,,10,,,,AV,DE PAVIE,44500,LA BAULE-ESCOUBLAC,,,44055,,,,,,,,,,,,,,,,,,,,,,1996-05-22,F,,,,,55.3A,NAF1993,N,
005680509,00014,00568050900014,O,,NN,,,2024-03-22T15:40:57,true,1,,,,,,RUE,ALEXANDRE OLIVIER,44220,COUERON,,,44047,,,,,,,,,,,,,,,,,,,,,,1984-12-25,F,,,,,55.60,NAP,N,
005680541,00025,00568054100025,O,1987-03-31,NN,,,2025-12-05T21:34:23,true,3,RTE DE ST ANDRE DES EAUX,,,,,,LA LANDE,44350,GUERANDE,,,44069,,,,,,,,,,,,,,,,,,,,,,2008-01-01,A,,,,,68.20B,NAFRev2,N,68.20H
005680541,00033,00568054100033,O,1991-01-01,NN,,,2024-03-30T09:56:44,false,4,ZI,9,,,,RUE,DU CHENE LASSE,44800,SAINT-HERBLAIN,,,44162,,,,,441620635_B,348909.1518066767,6690965.947213455,,,,,,,,,,,,,,,1993-12-25,F,,,,,74.1J,NAF1993,N,
005680566,00014,00568056600014,O,,NN,,,2024-03-22T15:40:57,true,1,,,,,,LD,LA DIGUE,44460,SAINT-NICOLAS-DE-REDON,,,44185,,,,,,,,,,,,,,,,,,,,,,1984-12-25,F,,,,,59.07,NAP,N,
005680582,00011,00568058200011,O,,NN,,,2024-03-22T15:40:57,true,1,,14,,,,RUE,DES PORTEAUX,44290,GUEMENE-PENFAO,,,44067,,,,,,,,,,,,,,,,,,,,,,1987-08-31,F,,,,,59.09,NAP,N,
005680624,00029,00568062400029,O,,NN,,,2024-03-30T09:56:35,true,1,,49,,,,BOULEVARD,DE LA LIBERATION,44600,SAINT-NAZAIRE,,,44184,,,,,441843800_B,306640.8146114748,6699889.045643362,,,,,,,,,,,,,,,,F,,,,,67.08,NAP,N,
005680632,00022,00568063200022,O,,NN,,,2024-03-22T15:40:57,true,1,,,,,,AV,EMILE OUTTIER,44380,PORNICHET,,,44132,,,,,,,,,,,,,,,,,,,,,,1984-12-25,F,,,,,55.73,NAP,N,
005710058,00016,00571005800016,O,,NN,,,2024-03-30T19:00:08,true,1,,162,,,,CHAUSSEE,MARCADE,80100,ABBEVILLE,,,80001,,,,,800011240_B,615985.2679752441,7002315.0038964,,,,,,,,,,,,,,,1981-05-13,F,,,,,67.07,NAP,N,
005710066,00027,00571006600027,O,,NN,,,2024-03-30T14:44:44,true,1,,56,,,,RUE,JEAN JAURES,80580,PONT-REMY,,,80635,,,,,806350300_B,621797.4652135444,6995661.418823471,,,,,,,,,,,,,,,1984-12-25,F,,,,,62.11,NAP,N,
005710082,00016,00571008200016,O,,NN,,,2024-03-30T06:56:34,true,1,,20,,,,RUE,PASTEUR,80550,LE CROTOY,,,80228,,,,,802280800_B,601658.486915531,7014076.2499224655,,,,,,,,,,,,,,,1984-11-10,F,,,,,57.07,NAP,N,
005710256,00016,00571025600016,O,,NN,,,2024-03-30T03:32:30,true,1,,154,,,,ROUTE,DE PARIS,80100,ABBEVILLE,,,80001,,,,,800011470_B,617099.9785738768,7000172.022892764,,,,,,,,,,,,,,,,F,,,,,67.07,NAP,N,
005710264,00010,00571026400010,O,,NN,,,2024-03-30T03:15:37,true,1,,,,,,RUE,VICTOR HUGO,80210,FEUQUIERES-EN-VIMEU,,,80308,,,,,803080880_B,599142.5482061193,6996915.560004326,,,,,,,,,,,,,,,,F,,,,,67.08,NAP,N,
005710306,00019,00571030600019,O,,NN,,,2024-03-22T15:40:57,true,1,,,,,,,,80220,BUIGNY-LES-GAMACHES,,,80148,,,,,,,,,,,,,,,,,,,,,,1996-06-30,F,,,,,70.2C,NAF1993,N,
005710314,00013,00571031400013,O,1957-01-01,NN,,,2024-03-30T07:15:12,true,3,,,,,,RUE,D'HOCQUELUS,80210,AIGNEVILLE,,,80008,,,,,800080180_B,600837.3218793285,6993496.9121743515,,,,,,,,,,,,,,,1999-09-30,F,,,,,70.2C,NAF1993,N,
005710348,00011,00571034800011,O,,NN,,,2024-03-22T15:40:57,true,1,,,,,,,,80510,LONGPRE-LES-CORPS-SAINTS,,,80488,,,,,,,,,,,,,,,,,,,,,,1984-12-25,F,,,,,64.49,NAP,N,
005710371,00013,00571037100013,O,,NN,,,2024-03-30T00:30:09,true,1,,23,,,,RUE,DU PONT DE LA VILLE,80132,CAOURS,,,80171,,,,,801710180_B,620098.2446429803,7004279.930088926,,,,,,,,,,,,,,,1985-12-25,F,,,,,57.01,NAP,N,
005710405,00019,00571040500019,O,1957-01-01,NN,,,2024-03-30T07:57:16,true,3,,,,,,RUE,DE GOVES,80150,GUESCHART,,,80396,,,,,803960160_B,629583.8209533229,7016555.457614335,,,,,,,,,,,,,,,2004-12-31,F,,,,,70.2C,NAFRev1,N,
005710439,00018,00571043900018,O,,NN,,,2024-03-30T08:10:25,true,1,,,,,,RUE,DU BORDELET,80150,CRECY-EN-PONTHIEU,,,80222,,,,,802220060_C,,,,,,,,,,,,,,,,,1985-12-25,F,,,,,66.04,NAP,N,
005710520,00015,00571052000015,O,,NN,,,2024-03-30T09:27:08,true,1,,,,,,CITE,LECLERC,80510,LONGPRE-LES-CORPS-SAINTS,,,80488,,,,,80488A010_B,628495.3980943093,6990510.369878801,,,,,,,,,,,,,,,,F,,,,,86.06,NAP,N,
005710538,00017,00571053800017,O,,NN,,,2024-03-22T15:40:57,true,1,,24,,,,RUE,BOUCHER DE PERTHES,80100,ABBEVILLE,,,80001,,,,,,,,,,,,,,,,,,,,,,1997-05-19,F,,,,,52.4C,NAF1993,N,
005710595,00017,00571059500017,O,,NN,,,2024-03-30T05:26:12,true,1,,,,,,RUE,DE TOURS,80210,CHEPY,,,80190,,,,,801900340_B,603179.2394096572,6996494.609399246,,,,,,,,,,,,,,,1989-09-30,F,,,,,22.02,NAP,N,
005710660,00019,00571066000019,O,,NN,,,2024-03-22T15:40:57,true,1,,,,,,RTE,NATIONALE,80220,BOUVAINCOURT-SUR-BRESLE,,,80127,,,,,,,,,,,,,,,,,,,,,,,F,,,,,38.40,NAP,N,
005710694,00018,00571069400018,O,,NN,,,2024-03-30T09:42:22,true,1,,4,,,,RUE,PASTEUR,80210,FEUQUIERES-EN-VIMEU,,,80308,,,,,803080700_B,599898.4033862122,6996502.248641908,,,,,,,,,,,,,,,1987-04-16,F,,,,,00.10,NAP,N,
005710736,00017,00571073600017,O,,NN,,,2024-03-30T02:51:50,true,1,,185,,,,CHAUSSEE,MARCADE,80100,ABBEVILLE,,,80001,,,,,800011240_B,615978.232275459,7002308.9835815085,,,,,,,,,,,,,,,,F,,,,,64.41,NAP,N,
005710744,00011,00571074400011,O,,NN,,,2024-03-22T15:40:57,true,1,,,,,,HAM,MONCHAUX,80120,QUEND,,,80649,,,,,,,,,,,,,,,,,,,,,,1995-10-30,F,,,,,70.2C,NAF1993,N,
005710793,00018,00571079300018,O,,NN,,,2024-03-29T23:37:11,true,1,,,,,,,GRANDE RUE,80140,RAMBURES,,,80663,,,,,806630037_B,606915.0915262334,6983635.57057577,,,,,,,,,,,,,,,1987-10-31,F,,,,,22.02,NAP,N,
005710843,00011,00571084300011,O,,NN,,,2024-03-30T13:32:18,true,1,,2,,,,RUE,JULES FERRY,80570,DARGNIES,,,80235,,,,,802350360_B,594311.8262189042,6994683.432278641,,,,,,,,,,,,,,,1987-02-17,F,,,,,81.21,NAP,N,
005710967,00018,00571096700018,O,,NN,,,2024-03-22T15:40:57,true,1,,,,,,,,80690,GORENFLOS,,,80380,,,,,,,,,,,,,,,,,,,,,,1984-09-24,F,,,,,45.23,NAP,N,
005711106,00012,00571110600012,O,,NN,,,2024-03-22T15:40:57,true,1,,,,,,,,80970,SAILLY-FLIBEAUCOURT,,,80692,,,,,,,,,,,,,,,,,,,,,,1984-12-25,F,,,,,55.40,NAP,N,
005711155,00019,00571115500019,O,,NN,,,2024-03-22T15:40:57,true,1,,,,,,,,80770,BEAUCHAMPS,,,80063,,,,,,,,,,,,,,,,,,,,,,1984-12-25,F,,,,,69.11,NAP,N,
005711197,00011,00571119700011,O,,NN,,,2024-03-30T04:46:48,true,1,,31,,,,AVENUE,ARISTIDE BRIAND,80100,ABBEVILLE,,,80001,,,,,800010080_B,617178.5115058408,7001865.316953837,,,,,,,,,,,,,,,1989-11-15,F,,,,,67.04,NAP,N,
005711221,00019,00571122100019,O,,NN,,,2024-03-30T11:56:10,true,1,,4,,,,RUE,PORTE DU PONT,80550,LE CROTOY,,,80228,,,,,802280880_B,601905.7703472759,7013854.64033332,,,,,,,,,,,,,,,1984-12-25,F,,,,,64.49,NAP,N,
005711379,00015,00571137900015,O,,NN,,,2024-03-30T00:48:41,true,1,,11,,,,RUE,PAUL BOS,80550,LE CROTOY,,,80228,,,,,802280810_B,601793.3814636761,7013971.540797824,,,,,,,,,,,,,,,1995-06-30,F,,,,,52.6D,NAF1993,N,
005711445,00014,00571144500014,O,,NN,,,2024-03-29T23:27:05,true,1,,8,,,,RUE,DU MARECHAL FOCH,80100,ABBEVILLE,,,80001,,,,,800011260_B,616486.0146586087,7001416.364754362,,,,,,,,,,,,,,,,F,,,,,64.49,NAP,N,
005711551,00019,00571155100019,O,1957-01-01,NN,,,2024-03-30T10:21:15,true,4,,93,,,,PLACE,DE L'EGLISE,80210,CHEPY,,,80190,,,,,801900300_B,602977.149066361,6996929.582626527,,,,,,,,,,,,,,,2010-12-31,F,,,,,68.20B,NAFRev2,N,
005711585,00017,00571158500017,O,,NN,,,2024-03-30T01:57:15,true,1,,,,,,PLACE,MAX LEJEUNE,80100,ABBEVILLE,,,80001,,,,,800010970_B,616476.2845787175,7001470.406790731,,,,,,,,,,,,,,,1988-03-31,F,,,,,64.11,NAP,N,
005711684,00018,00571168400018,O,,NN,,,2024-03-30T13:18:27,true,1,,,,,,RUE,DE TILLOY,80220,MAISNIERES,,,80500,,,,,805000280_B,600922.8882537957,6991310.889873243,,,,,,,,,,,,,,,1984-12-25,F,,,,,,,N,
005711726,00017,00571172600017,O,,NN,,,2024-03-22T15:40:57,true,1,,,,,,,,80132,CAHON,,,80161,,,,,,,,,,,,,,,,,,,,,,1985-12-25,F,,,,,67.05,NAP,N,
005711742,00014,00571174200014,O,,NN,,,2024-03-30T10:07:12,true,1,,,,,,CHAUSSEE,MARCADE,80100,ABBEVILLE,,,80001,,,,,800011240_B,616143.6933307206,7002084.806655714,,,,,,,,,,,,,,,1984-12-25,F,,,,,87.01,NAP,N,
005711759,00018,00571175900018,O,,NN,,,2024-03-30T13:34:27,true,1,,134,,,,RUE,DE MENCHECOURT,80100,ABBEVILLE,,,80001,,,,,800011310_B,615215.7889649681,7002972.391670641,,,,,,,,,,,,,,,,F,,,,,65.06,NAP,N,
005711767,00011,00571176700011,O,,NN,,,2024-03-30T00:42:56,true,1,,,,,,AVENUE,DE LA PLAGE,80120,FORT-MAHON-PLAGE,,,80333,,,,,803330520_B,597390.5905668397,7027818.509479887,,,,,,,,,,,,,,,1989-10-07,F,,,,,64.49,NAP,N,
005711833,00011,00571183300011,O,,NN,,,2024-03-22T15:40:57,true,1,,,,,,,,80270,WIRY-AU-MONT,,,80825,,,,,,,,,,,,,,,,,,,,,,1984-12-25,F,,,,,22.02,NAP,N,
005711874,00015,00571187400015,O,,NN,,,2024-03-29T22:38:23,true,1,,54,,,,RUE,DE L'ISLE,80100,ABBEVILLE,,,80001,,,,,800010990_B,616268.3224508871,7001027.151967239,,,,,,,,,,,,,,,1989-05-31,F,,,,,81.21,NAP,N,
005711882,00018,00571188200018,O,,NN,,,2024-03-30T18:18:32,true,1,,9,,,,RUE,BOUCHER DE PERTHES,80100,ABBEVILLE,,,80001,,,,,800010240_B,616617.2744644848,7001371.108478462,,,,,,,,,,,,,,,,F,,,,,62.43,NAP,N,
005712062,00016,00571206200016,O,,NN,,,2024-03-22T15:40:57,true,1,,8,,,,RUE,DES FUSILLES,80150,CRECY-EN-PONTHIEU,,,80222,,,,,,,,,,,,,,,,,,,,,,,F,,,,,55.72,NAP,N,
005712211,00019,00571221100019,O,,NN,,,2024-03-22T15:40:57,true,1,,,,,,,,80120,FORT-MAHON-PLAGE,,,80333,,,,,,,,,,,,,,,,,,,,,,1984-12-25,F,,,,,64.42,NAP,N,
005712252,00013,00571225200013,O,,NN,,,2024-03-30T04:09:30,true,1,,16,,,,ROUTE,NATIONALE,80132,LE TITRE,,,80763,,,,,807630025_B,613796.0327048323,7010749.980419669,,,,,,,,,,,,,,,1989-09-30,F,,,,,67.05,NAP,N,
005712260,00016,00571226000016,O,,NN,,,2024-03-30T02:55:31,true,1,,29,,,,RUE,SAINT DENIS,80490,HALLENCOURT,,,80406,,,,,804060560_B,619431.8812221193,6988475.398160182,,,,,,,,,,,,,,,1990-12-31,F,,,,,67.07,NAP,N,
005712633,00014,00571263300014,O,,NN,,,2024-03-22T15:40:57,true,1,,,,,,,,80140,LE TRANSLAY,,,80767,,,,,,,,,,,,,,,,,,,,,,1995-05-01,F,,,,,55.4A,NAF1993,N,
005712658,00029,00571265800029,O,,NN,,,2024-03-30T15:22:35,true,1,,61,,,,RUE,DE LA REPUBLIQUE,80490,HALLENCOURT,,,80406,,,,,804060500_B,619140.9193601147,6988780.947475425,,,,,,,,,,,,,,,,F,,,,,87.03,NAP,N,
005712732,00014,00571273200014,O,,NN,,,2024-04-25T09:40:08,true,1,,,,,,RUE,GRANDE,80220,GAMACHES,,,80373,,,,,,,,,,,,,,,,,,,,,,,F,,,,,64.24,NAP,N,
005712880,00011,00571288000011,O,,NN,,,2024-03-22T15:40:57,true,1,,,,,,HAM,DE WADICOURT,80150,DOMPIERRE-SUR-AUTHIE,,,80248,,,,,,,,,,,,,,,,,,,,,,1997-04-14,F,,,,,01.4A,NAF1993,N,
005712898,00013,00571289800013,O,,NN,,,2024-03-30T05:53:17,true,1,,,,,,RUE,DU MARECHAL FOCH,80860,NOYELLES-SUR-MER,,,80600,,,,,806000120_B,607577.335683493,7010467.360419024,,,,,,,,,,,,,,,1984-12-25,F,,,,,62.11,NAP,N,
005713052,00024,00571305200024,O,,NN,,,2024-03-30T18:54:50,true,1,,,,,,RUE,PAUL BIGNON,76260,EU,,,76255,,,,,762550710_B,586651.8594506129,6995419.726416317,,,,,,,,,,,,,,,1984-12-25,F,,,,,63.05,NAP,N,
005713060,00019,00571306000019,O,,NN,,,2024-03-22T15:40:57,true,1,,,,,,,,80220,BUIGNY-LES-GAMACHES,,,80148,,,,,,,,,,,,,,,,,,,,,,,F,,,,,81.21,NAP,N,
005713078,00011,00571307800011,O,,NN,,,2024-03-22T15:40:57,true,1,,,,,,,,80220,BUIGNY-LES-GAMACHES,,,80148,,,,,,,,,,,,,,,,,,,,,,,F,,,,,22.02,NAP,N,
005713128,00014,00571312800014,O,,NN,,,2024-03-30T04:46:22,true,1,,61,,,,RUE,DE LA PORTE DU PONT,80550,LE CROTOY,,,80228,,,,,802280880_C,,,,,,,,,,,,,,,,,1984-12-25,F,,,,,55.40,NAP,N,
005713185,00014,00571318500014,O,,NN,,,2024-03-22T15:40:57,true,1,,,,,,,,80120,QUEND,,,80649,,,,,,,,,,,,,,,,,,,,,,1985-12-25,F,,,,,67.04,NAP,N,
005713235,00017,00571323500017,O,,NN,,,2024-03-22T15:40:57,true,1,,,,,,,,80120,VILLERS-SUR-AUTHIE,,,80806,,,,,,,,,,,,,,,,,,,,,,,F,,,,,64.46,NAP,N,
005713276,00011,00571327600011,O,,NN,,,2024-03-22T15:40:57,true,1,,,,,,,,80150,DOMPIERRE-SUR-AUTHIE,,,80248,,,,,,,,,,,,,,,,,,,,,,1984-12-25,F,,,,,01.80,NAP,N,
005713466,00018,00571346600018,O,,NN,,,2024-03-30T00:53:30,true,1,,13,,,,CHAUSSEE,DU BOIS,80100,ABBEVILLE,,,80001,,,,,800010210_B,616677.7995364675,7001692.15860734,,,,,,,,,,,,,,,1996-07-17,F,,,,,52.4R,NAF1993,O,
005713508,00017,00571350800017,O,1957-01-01,NN,,,2024-03-30T16:42:38,true,2,RATTACHEMENT MAIRIE,,,,,PLACE,MAX LEJEUNE,80100,ABBEVILLE,,,80001,,,,,800010970_B,616476.2845787175,7001470.406790731,,,,,,,,,,,,,,,1995-12-25,F,,,,,52.6E,NAF1993,N,
005713532,00017,00571353200017,O,,NN,,,2024-04-25T09:31:56,true,1,,,,,,RUE,PRINCIPALE,80150,LAMOTTE-BULEUX,,,80462,,,,,,,,,,,,,,,,,,,,,,1987-03-31,F,,,,,67.05,NAP,N,
005713557,00014,00571355700014,O,,NN,,,2024-03-30T09:43:25,true,1,,30,,,,RUE,DU MARECHAL FOCH,80100,ABBEVILLE,,,80001,,,,,800011260_B,616529.9671289054,7001366.271866235,,,,,,,,,,,,,,,1991-06-30,F,,,,,64.45,NAP,N,
005713573,00011,00571357300011,O,,NN,,,2024-04-25T09:41:05,true,1,,,,,,RUE,DE LA GARE,80270,ALLERY,,,80019,,,,,,,,,,,,,,,,,,,,,,1988-06-30,F,,,,,62.11,NAP,N,
005713722,00014,00571372200014,O,,NN,,,2024-03-30T12:19:43,true,1,,,,,,PLACE,MAX LEJEUNE,80100,ABBEVILLE,,,80001,,,,,800010970_B,616476.2845787175,7001470.406790731,,,,,,,,,,,,,,,1984-12-25,F,,,,,62.11,NAP,N,
005713797,00016,00571379700016,O,,NN,,,2024-03-22T15:40:57,true,1,,,,,,,,80132,CAOURS,,,80171,,,,,,,,,,,,,,,,,,,,,,1992-06-30,F,,,,,15.7A,NAF1993,N,
005713854,00015,00571385400015,O,,NN,,,2024-03-30T04:39:48,true,1,,,,,,RUE,SAINTES MARIES,80100,ABBEVILLE,,,80001,,,,,800012030_B,616190.5357351252,7001549.023823116,,,,,,,,,,,,,,,1984-12-25,F,,,,,67.08,NAP,N,
005713904,00018,00571390400018,O,,NN,,,2024-03-30T16:46:54,true,1,,,,,,RUE,DE LA MALADRERIE,80150,YVRENCH,,,80832,,,,,808320045_B,628598.0458858156,7009770.225555046,,,,,,,,,,,,,,,,F,,,,,67.07,NAP,N,
005714050,00019,00571405000019,O,,NN,,,2024-03-22T15:40:57,true,1,,,,,,,,80150,ESTREES-LES-CRECY,,,80290,,,,,,,,,,,,,,,,,,,,,,1988-06-08,F,,,,,67.05,NAP,N,
005714142,00014,00571414200014,O,,NN,,,2024-03-22T15:40:57,true,1,,,,,,RUE,D HULEUX,80132,BUIGNY L'ABBE,,,80147,,,,,,,,,,,,,,,,,,,,,,1984-12-25,F,,,,,62.44,NAP,N,
005714167,00011,00571416700011,O,,NN,,,2024-03-22T15:40:57,true,1,,,,,,,,80580,LIERCOURT,,,80476,,,,,,,,,,,,,,,,,,,,,,,F,,,,,57.05,NAP,N,
005714191,00011,00571419100011,O,,NN,,,2024-03-30T03:40:12,true,1,,,,,,AVENUE,DE LA PLAGE,80120,FORT-MAHON-PLAGE,,,80333,,,,,803330520_B,597390.5905668397,7027818.509479887,,,,,,,,,,,,,,,,F,,,,,63.05,NAP,N,
005714209,00011,00571420900011,O,,NN,,,2024-03-30T06:11:37,true,1,,706,,,,RUE,DE QUEND,80120,FORT-MAHON-PLAGE,,,80333,,,,,803330540_B,598338.1219320965,7027251.105085522,,,,,,,,,,,,,,,,F,,,,,55.60,NAP,N,
005714217,00014,00571421700014,O,,NN,,,2024-03-22T15:40:57,true,1,,,,,,HAM,MONCHAUX,80120,QUEND,,,80649,,,,,,,,,,,,,,,,,,,,,,1985-12-25,F,,,,,55.72,NAP,N,
005714233,00011,00571423300011,O,,NN,,,2024-03-30T02:13:02,true,1,,,,,,,PETIT CHEMIN,80120,ARGOULES,,,80025,,,,,80025B024_C,,,,,,,,,,,,,,,,,1990-02-16,F,,,,,64.42,NAP,N,
005714241,00022,00571424100022,O,,NN,,,2024-03-30T12:25:51,true,1,,2,,,,RESIDENCE,DES ETANGS,80132,MAREUIL-CAUBERT,,,80512,,,,,805120085_B,615022.1217022061,6998316.352058895,,,,,,,,,,,,,,,1997-06-30,F,,,,,60.2E,NAF1993,N,
005714290,00011,00571429000011,O,,NN,,,2024-04-25T09:33:06,true,1,,,,,,RUE,DE LA MAIRIE,80120,FORT-MAHON-PLAGE,,,80333,,,,,,,,,,,,,,,,,,,,,,,F,,,,,64.42,NAP,N,
005714423,00018,00571442300018,O,,NN,,,2024-03-22T15:40:57,true,1,,,,,,,,80150,GUESCHART,,,80396,,,,,,,,,,,,,,,,,,,,,,1987-04-30,F,,,,,62.11,NAP,N,
005720057,00016,00572005700016,O,,NN,,,2024-03-22T15:40:57,true,1,,,,,,BD,DE LA REPUBLIQUE,80100,ABBEVILLE,,,80001,,,,,,,,,,,,,,,,,,,,,,1984-12-25,F,,,,,64.21,NAP,N,
005720065,00019,00572006500019,O,,NN,,,2024-03-22T15:40:57,true,1,,15,,,,RUE,SAINT VULFRAN,80100,ABBEVILLE,,,80001,,,,,,,,,,,,,,,,,,,,,,1990-05-31,F,,,,,64.12,NAP,N,
005720073,00013,00572007300013,O,,NN,,,2024-03-22T15:40:57,true,1,,,,,,,,80370,DOMLEGER-LONGVILLERS,,,80245,,,,,,,,,,,,,,,,,,,,,,1984-12-25,F,,,,,57.01,NAP,N,
005720099,00018,00572009900018,O,1900-01-01,NN,,,2024-03-22T15:40:57,true,5,,3,,,,AV,DE LA CHAPELLE,80100,ABBEVILLE,,,80001,,,,,,,,,,,,,,,,,,,,,,2009-10-30,F,,,,,08.11Z,NAFRev2,O,
005720164,00028,00572016400028,O,1983-09-28,22,2023,,2025-12-22T09:20:06,true,4,,236,,238,,ROUTE,D'AMIENS,80100,ABBEVILLE,,,80001,,,,,800010050_B,618540.64,7000637.06,,,,,,,,,,,,,,,2008-01-01,A,,,,,86.10Z,NAFRev2,O,86.10Y
005720180,00016,00572018000016,O,1900-01-01,NN,,,2024-03-30T04:11:08,true,4,,54,,,,RUE,DE L'ISLE,80100,ABBEVILLE,,,80001,,,,,800010990_B,616268.3224508871,7001027.151967239,,,,,,,,,,,,,,,1991-12-25,F,,,,,55.60,NAP,N,
005720206,00019,00572020600019,O,1900-01-01,NN,,,2024-03-22T15:40:57,true,4,HAMEAU HOCQUELUS,340,,,,CHS,DES CHASSE MAREES,80210,FEUQUIERES-EN-VIMEU,,,80308,,,,,,,,,,,,,,,,,,,,,,2003-07-11,F,,,,,20.5A,NAFRev1,O,
005720222,00016,00572022200016,O,1957-01-01,NN,,,2024-03-22T15:40:57,true,7,ZONE INDUTRIELLE,,,,,RTE,DE DOULLENS,80100,ABBEVILLE,,,80001,,,,,,,,,,,,,,,,,,,,,,2013-08-31,F,,,,,16.23Z,NAFRev2,N,
005720222,00024,00572022200024,O,1993-07-01,NN,,,2024-03-22T15:40:57,false,3,,13,,,,BD,DES PRES,80100,ABBEVILLE,,,80001,,,,,,,,,,,,,,,,,,,,,,1995-12-25,F,,,,,20.3Z,NAF1993,O,
005720230,00019,00572023000019,O,,NN,,,2024-03-22T15:40:57,true,1,,,,,,,,80270,ALLERY,,,80019,,,,,,,,,,,,,,,,,,,,,,,F,,,,,55.60,NAP,N,
005720255,00016,00572025500016,O,,NN,,,2024-03-30T03:58:00,true,1,,,,,,RUE,DE LA PLAGE,80550,LE CROTOY,,,80228,,,,,802280860_B,601568.4917003118,7013944.161934553,,,,,,,,,,,,,,,1989-06-23,F,,,,,67.06,NAP,N,
005720271,00013,00572027100013,O,,NN,,,2024-03-22T15:40:57,true,1,,,,,,AV,DE LA PLAGE,80120,FORT-MAHON-PLAGE,,,80333,,,,,,,,,,,,,,,,,,,,,,1984-12-25,F,,,,,67.12,NAP,N,
005720313,00013,00572031300013,O,1957-01-01,NN,,,2024-03-22T15:40:57,false,5,CHALET DES DUNES,,,,,,,80120,SAINT-QUENTIN-EN-TOURMONT,,,80713,,,,,,,,,,,,,,,,,,,,,,2010-01-08,F,,,,,68.32A,NAFRev2,O,
005720313,00021,00572031300021,O,2010-01-08,NN,,,2024-03-30T07:38:25,false,2,,9,,,,RUE,DU BOUT D'AMONT,80120,SAINT-QUENTIN-EN-TOURMONT,,,80713,,,,,807130002_B,599140.0680251279,7022333.552127821,,,,,,,,,,,,,,,2016-06-18,F,,,,,68.32A,NAFRev2,O,
005720313,00039,00572031300039,O,2016-06-18,01,2023,,2025-12-06T05:01:01,false,3,,6,,,,RUE,DU BOUT D'AMONT,80120,SAINT-QUENTIN-EN-TOURMONT,,,80713,,,,,807130002_B,599006.1064986276,7022241.379300177,,,,,,,,,,,,,,,2025-09-03,F,,,,,02.10Z,NAFRev2,N,02.10Y
005720313,00047,00572031300047,O,2025-09-03,NN,,,2025-10-14T13:31:57,true,1,,11,B,,,RUE,DU BOUT D'AMONT,80120,SAINT-QUENTIN-EN-TOURMONT,,,80713,,,,,807130002_C,,,,,,,,,,,,,,,,,2025-09-03,A,,,,,02.10Z,NAFRev2,O,02.10Y
005720354,00017,00572035400017,O,,NN,,,2024-03-22T15:40:57,true,1,,,,,,RUE,ARISTIDE BRIAND,80210,FEUQUIERES-EN-VIMEU,,,80308,,,,,,,,,,,,,,,,,,,,,,1988-11-03,F,,,,,21.11,NAP,N,
005720362,00010,00572036200010,O,1957-01-01,NN,,,2024-03-30T08:44:53,false,8,,22,,,,CHEMIN,DE CRAVAILLEUX,30126,TAVEL,,,30326,,,,,303260045_B,836562.7478222473,6325007.264367563,,,,,,,,,,,,,,,2018-12-30,F,,,,,47.61Z,NAFRev2,N,
005720362,00044,00572036200044,O,1972-11-23,NN,,,2024-03-30T09:31:03,false,4,,8,,,,PL,CLEMENCEAU,80100,ABBEVILLE,,,80001,,,,,800010490_C,,,,,,,,,,,,,,,,,2002-05-27,F,,,,,63.1E,NAF1993,N,
005720362,00051,00572036200051,O,2018-12-30,NN,,,2024-03-30T09:11:32,true,2,,22,,,,CHEMIN,DE CRAVAILLEUX,30126,TAVEL,,,30326,,,,,303260045_B,836562.7478222473,6325007.264367563,,,,,,,,,,,,,,,2023-11-30,F,,,,,68.20B,NAFRev2,N,
005720388,00015,00572038800015,O,,NN,,,2024-03-22T15:40:57,true,1,,,,,,CHS,DE ROUVROY,80100,ABBEVILLE,,,80001,,,,,,,,,,,,,,,,,,,,,,1985-12-25,F,,,,,65.03,NAP,N,
005720412,00021,00572041200021,O,,NN,,,2024-03-22T15:40:57,true,1,,84,,,,RUE,DU CAPITAINE GUY DATH,80550,LE CROTOY,,,80228,,,,,,,,,,,,,,,,,,,,,,1987-05-20,F,,,,,00.98,NAP,N,
005720537,00017,00572053700017,O,1957-01-01,NN,,,2024-03-22T15:40:57,false,4,,56,,,,BD,DE LA PORTELETTE,80100,ABBEVILLE,,,80001,,,,,,,,,,,,,,,,,,,,,,2002-12-25,F,,,,,28.7L,NAF1993,O,
005720537,00025,00572053700025,O,2001-01-23,NN,,,2024-03-22T15:40:57,true,5,,,,,,RUE,VENTOSE,80100,ABBEVILLE,,,80001,,,,,,,,,,,,,,,,,,,,,,2009-08-10,F,,,,,25.99A,NAFRev2,O,
005720552,00016,00572055200016,O,1957-01-01,NN,,,2024-03-22T15:40:57,false,4,,,,,,CHE,DE NESLETTE,80220,BOUTTENCOURT,,,80126,,,,,,,,,,,,,,,,,,,,,,1998-10-12,F,,,,,29.5N,NAF1993,O,
005720552,00024,00572055200024,O,1900-01-01,NN,,,2024-03-22T15:40:57,false,4,,,,,,,,76340,BLANGY-SUR-BRESLE,,,76101,,,,,,,,,,,,,,,,,,,,,,1993-12-31,F,,,,,29.5N,NAF1993,N,
005720552,00032,00572055200032,O,1998-10-12,12,2023,,2025-12-06T04:28:13,true,5,ZONE INDUSTRIELLE,,,,,,VALLEE MAZIN,80220,BOUTTENCOURT,,,80126,,,,,80126B035_C,,,,,,,,,,,,,,,,,2008-12-31,A,,,,,25.73A,NAFRev2,O,25.63Y
005720586,00014,00572058600014,O,,NN,,,2024-03-22T15:40:57,true,1,,10,,,,AV,VASSEUR,80120,QUEND,,,80649,,,,,,,,,,,,,,,,,,,,,,1987-08-01,F,,,,,81.11,NAP,N,
005720594,00026,00572059400026,O,1900-01-01,NN,,,2024-03-30T19:19:10,false,6,,78,,,,BD,VAUBAN,80100,ABBEVILLE,,,80001,,,,,,,,,,,,,,,,,,,,,,2012-12-01,F,,,,,49.41A,NAFRev2,O,
005720594,00034,00572059400034,O,2012-12-01,NN,,,2024-03-22T15:40:57,true,2,,92,,,,BD,VAUBAN,80100,ABBEVILLE,,,80001,,,,,,,,,,,,,,,,,,,,,,2020-03-31,F,,,,,49.41A,NAFRev2,O,
005720602,00019,00572060200019,O,1957-01-01,NN,,,2024-03-30T00:02:50,false,4,,44,,,,ROUTE,DE DRUCAT,80100,ABBEVILLE,,,80001,,,,,800010630_B,617664.9212706592,7003172.831822833,,,,,,,,,,,,,,,1998-03-06,F,,,,,70.2C,NAF1993,N,
005720602,00027,00572060200027,O,1998-03-06,NN,,,2024-03-30T00:02:50,false,3,,3,,,,RUE,PAUL CEZANNE,75008,PARIS,,,75108,,,,,751087131_B,649311.489063471,6864022.9281267375,,,,,,,,,,,,,,,1999-03-22,F,,,,,70.2C,NAF1993,N,
005720602,00035,00572060200035,O,1999-03-22,NN,,,2024-03-30T00:02:50,false,3,TOUR VENDOME,204,,,,ROND-POINT,DU PONT DE SEVRES,92100,BOULOGNE-BILLANCOURT,,,92012,,,,,920127233_B,643518.5637124425,6859009.818722271,,,,,,,,,,,,,,,2007-03-19,F,,,,,70.2C,NAFRev1,N,
005720602,00043,00572060200043,O,2007-03-19,NN,,,2025-12-05T20:27:36,true,2,14 A 16,14,,,,RUE,MARC BLOCH,92110,CLICHY,,,92024,,,,,920246121_B,649487.7305231433,6868172.036791488,,,,,,,,,,,,,,,2008-01-01,A,,,,,68.20B,NAFRev2,N,68.20H
005720610,00012,00572061000012,O,1957-01-01,01,2023,,2025-12-05T17:06:32,true,4,,44,,,,PLACE,DE LA LIBERATION,80100,ABBEVILLE,,,80001,,,,,800011140_B,616568.3009734864,7001493.547499654,,,,,,,,,,,,,,,2008-01-01,A,,,,,41.10A,NAFRev2,O,68.12Y
005720636,00025,00572063600025,O,,NN,,,2024-03-22T15:40:57,true,1,,500,,,,RUE,DE PARIS,80000,AMIENS,,,80021,,,,,,,,,,,,,,,,,,,,,,1990-01-18,F,,,,,74.1J,NAF1993,N,
005720644,00011,00572064400011,O,1957-01-01,01,2023,,2025-12-05T19:41:47,true,4,,4,,,,PLACE,DU GENERAL LECLERC,80120,RUE,,,80688,,,,,806880500_B,604957.846357147,7020247.424887141,,,,,,,,,,,,,,,2008-01-01,A,,,,,47.52A,NAFRev2,O,47.52G
005720651,00032,00572065100032,O,1985-06-28,NN,,,2024-03-30T15:19:43,false,4,,,,,,RUE,DU PDT ROBERT SCHUMAN,80100,ABBEVILLE,,,80001,,,,,800011773_B,618224.5209516314,7001389.394844057,,,,,,,,,,,,,,,2014-01-01,F,,,,,46.74A,NAFRev2,N,
005720651,00040,00572065100040,O,2014-01-01,NN,,,2025-12-06T00:15:18,true,2,,10,,,,RUE,GENERAL PLESSIER,69002,LYON,,,69382,,,,,693823150_B,841914.7963160803,6518501.539629127,,,,,,,,,,,,,,,2014-11-18,A,,,,,68.20B,NAFRev2,N,68.20H
005720685,00014,00572068500014,O,1957-01-01,NN,,1091ZZ,2025-12-05T22:15:58,true,4,,26,,,,RUE,DES PRES,80132,CAOURS,,,80171,,,,,801710190_B,619804.5451914241,7004462.271178845,,,,,,,,,,,,,,,2008-01-01,A,,,,,10.91Z,NAFRev2,N,10.91Y
005720701,00019,00572070100019,O,,NN,,,2024-03-30T18:32:29,true,1,,294,,,,ROUTE,DE ROUEN,80100,ABBEVILLE,,,80001,,,,,800011870_B,616109.7845411369,7000407.226000894,,,,,,,,,,,,,,,,F,,,,,81.21,NAP,N,
005720727,00014,00572072700014,O,,NN,,,2024-03-22T15:40:57,true,1,,,,,,,,80220,GAMACHES,,,80373,,,,,,,,,,,,,,,,,,,,,,1984-12-25,F,,,,,48.01,NAP,N,
005720750,00016,00572075000016,O,1957-01-01,NN,,,2025-12-05T22:01:01,true,5,,84,,,,CHAUSSEE,MARCADE,80100,ABBEVILLE,,,80001,,,,,800011240_B,616159.1735852056,7002056.625440109,,,,,,,,,,,,,,,2008-01-01,A,,,,,68.20A,NAFRev2,N,68.20G
005720784,00015,00572078400015,O,1900-01-01,NN,,,2025-12-05T23:54:01,true,4,,24,,,,RUE,JULES GUESDE,80210,FEUQUIERES-EN-VIMEU,,,80308,,,,,803080640_B,600091.5218070056,6996813.981375248,,,,,,,,,,,,,,,2008-01-01,A,,,,,25.99A,NAFRev2,O,25.99Y
005720784,00031,00572078400031,O,1993-04-01,22,2023,,2025-12-05T18:50:34,false,4,,,,,,,ZONE INDUSTRIELLE,80210,FEUQUIERES-EN-VIMEU,,,80308,,,,,,,,,,,,,,,,,,,,,,2008-01-01,A,,,,,25.72Z,NAFRev2,O,25.62Y
005720784,00049,00572078400049,O,1997-06-25,NN,,,2025-01-08T13:12:56,false,5,,,,,,RUE,DU CHEVALIER DE LA BARRE,80210,FEUQUIERES-EN-VIMEU,,,80308,,,,,803080240_B,600024.8931067424,6996735.09101647,,,,,,,,,,,,,,,2023-12-27,F,,,,,46.74A,NAFRev2,N,
005720784,00056,00572078400056,O,2000-09-01,NN,,,2024-03-30T15:13:18,false,4,,79,B,,,AVENUE,DU GENERAL LECLERC,93500,PANTIN,,,93055,,,,,930554145_B,656712.3931259181,6866820.420761291,,,,,,,,,,,,,,,2009-03-06,F,,,,,46.74A,NAFRev2,O,
005720784,00064,00572078400064,O,2000-10-23,NN,,,2024-03-30T14:58:24,false,4,,97,,,,RUE,DU CHATEAU D'EAU,80100,ABBEVILLE,,,80001,,,,,800010430_B,618102.3528452979,7001969.12155723,,,,,,,,,,,,,,,2002-12-25,F,,,,,28.6F,NAF1993,N,
005720784,00072,00572078400072,O,2005-11-01,NN,,,2024-03-30T14:58:24,false,4,ZI LES ESTROUBLANS,15,,,,AVENUE,DE LONDRES,13127,VITROLLES,,,13117,,,,,131172193_B,881373.9282725807,6261454.436047028,,,,,,,,,,,,,,,2011-03-31,F,,,,,46.19B,NAFRev2,O,
005720784,00080,00572078400080,O,2008-02-01,NN,,,2025-12-05T22:29:56,false,1,,2,,,,RUE,DE LA CAVEE DE VAUCHELLES,80100,ABBEVILLE,,,80001,,,,,800010332_C,,,,,,,,,,,,,,,,,2008-02-01,A,,,,,16.21Z,NAFRev2,N,16.27Y
005720784,00098,00572078400098,O,2008-11-28,NN,,,2024-03-30T14:58:24,false,1,,7,B,,,RUE,DES SARCELLES,80100,ABBEVILLE,,,80001,,,,,800012045_B,618584.408848009,7002030.311644291,,,,,,,,,,,,,,,2008-11-28,F,,,,,25.99A,NAFRev2,O,
005720784,00106,00572078400106,O,2008-12-28,12,2023,,2025-12-05T19:25:41,false,1,,52,,,,RUE,HENRI BARBUSSE,80210,FEUQUIERES-EN-VIMEU,,,80308,,,,,803080580_B,600182.7920821542,6997342.997874883,,,,,,,,,,,,,,,2008-12-28,A,,,,,25.99A,NAFRev2,O,25.99Y
005720784,00114,00572078400114,O,2008-11-28,NN,,,2024-03-30T14:58:24,false,2,,15,,,,RUE,SIBUET,75012,PARIS,,,75112,,,,,751128968_B,656127.1835166787,6860408.04994193,,,,,,,,,,,,,,,2014-03-31,F,,,,,25.72Z,NAFRev2,O,
005720784,00122,00572078400122,O,2009-02-16,NN,,,2024-03-30T14:58:24,false,2,,25,,,,,GRANDE RUE,80130,BETHENCOURT-SUR-MER,,,80096,,,,,800960240_B,592578.0254684852,6998721.960580799,,,,,,,,,,,,,,,2012-06-30,F,,,,,25.61Z,NAFRev2,O,
005720784,00130,00572078400130,O,2009-03-01,NN,,,2024-03-30T14:58:24,false,2,ZAC DES PETITS PONTS,73,,,,RUE,HENRI FARMAN,93290,TREMBLAY-EN-FRANCE,,,93073,,,,,930730718_B,668115.1837171761,6873986.458029023,,,,,,,,,,,,,,,2011-01-01,F,,,,,25.99A,NAFRev2,O,
005720784,00148,00572078400148,O,2011-01-01,NN,2023,,2025-12-06T04:56:10,false,1,ZA CHARLES DE GAULLE,1,,,,IMPASSE,NICEPHORE NIEPCE,93290,TREMBLAY-EN-FRANCE,,,93073,,,,,930730994_B,668682.9795973853,6874276.164866486,,,,,,,,,,,,,,,2011-01-01,A,,,,,25.99A,NAFRev2,O,25.99Y
005720784,00155,00572078400155,O,2012-10-01,12,2023,,2025-12-06T03:44:07,false,1,ZONE INDUSTRIELLE,7,,,,RUE,DES SARCELLES,80100,ABBEVILLE,,,80001,,,,,800012045_B,618519.0754179237,7001998.958368613,,,,,,,,,,,,,,,2012-10-01,A,,,,,25.99A,NAFRev2,O,25.99Y
005720784,00163,00572078400163,O,2021-12-23,11,2023,,2025-12-05T22:11:10,false,1,,13,,,,RUE,DES INDUSTRIES,77460,SOUPPES-SUR-LOING,,,77458,,,,,774580255_B,680763.9703337984,6786255.94501911,,,,,,,,,,,,,,,2021-12-23,A,,,,ETABLISSEMENTS DECAYEUX,25.99A,NAFRev2,O,25.99Y
005720826,00014,00572082600014,O,,NN,,,2024-03-22T15:40:57,true,1,,,,,,RUE,SAINT GILLES,80100,ABBEVILLE,,,80001,,,,,,,,,,,,,,,,,,,,,,1984-12-25,F,,,,,88.02,NAP,N,
005720834,00018,00572083400018,O,,NN,,,2024-03-22T15:40:57,true,1,,,,,,RUE,DE LA TANNERIE,80100,ABBEVILLE,,,80001,,,,,,,,,,,,,,,,,,,,,,1984-12-25,F,,,,,88.02,NAP,N,
005740022,00016,00574002200016,O,,NN,,,2024-03-30T12:37:11,true,1,,2,,,,RUE,DU JEU DE PAUME,04000,DIGNE-LES-BAINS,,,04070,,,,,040700900_B,959086.1794201336,6337948.0581005225,,,,,,,,,,,,,,,1990-02-22,F,,,,,84.03,NAP,N,
005740063,00010,00574006300010,O,1957-01-01,NN,,,2024-03-30T14:28:49,true,3,,246,,,,AVENUE,PAUL ARENE,04200,SISTERON,,,04209,,,,,042091140_B,935226.6609470071,6348644.851805605,,,,,,,,,,,,,,,2004-04-26,F,,,,,55.4B,NAFRev1,N,
005740071,00013,00574007100013,O,,NN,,,2024-03-22T15:40:57,true,1,,,,,,QUAI,DU PLAN,04320,ENTREVAUX,,,04076,,,,,,,,,,,,,,,,,,,,,,1992-07-17,F,,,,,70.2C,NAF1993,N,
005740253,00017,00574025300017,O,,NN,,,2024-03-22T15:40:57,true,1,,,,,,,,04400,UVERNET-FOURS,,,04226,,,,,,,,,,,,,,,,,,,,,,1984-12-25,F,,,,,00.97,NAP,N,
005740311,00021,00574031100021,O,,NN,,,2024-03-30T07:58:04,true,1,,19,,,,BOULEVARD,DES TILLEULS,04190,LES MEES,,,04116,,,,,041160180_B,938581.6014729217,6330207.288935848,,,,,,,,,,,,,,,,F,,,,,55.70,NAP,N,
005740345,00011,00574034500011,O,,NN,,,2024-03-22T15:40:57,true,1,,,,,,,,04240,BRAUX,,,04032,,,,,,,,,,,,,,,,,,,,,,,F,,,,,67.01,NAP,N,
005740444,00012,00574044400012,O,,NN,,,2024-03-29T23:40:05,true,1,,12,,,,RUE,GRENETTE,04400,BARCELONNETTE,,,04019,,,,,040190240_B,990823.646489823,6372122.277017868,,,,,,,,,,,,,,,1984-12-25,F,,,,,67.08,NAP,N,
005740451,00017,00574045100017,O,,NN,,,2024-03-30T15:12:45,true,1,,,,,,RUE,DE L'HUBAC,04000,DIGNE-LES-BAINS,,,04070,,,,,040700870_B,958987.3859481764,6337888.85226523,,,,,,,,,,,,,,,1984-12-25,F,,,,,00.97,NAP,N,
005740477,00012,00574047700012,O,,NN,,,2024-03-22T15:40:57,true,1,,,,,,,,04200,NOYERS-SUR-JABRON,,,04139,,,,,,,,,,,,,,,,,,,,,,1984-12-25,F,,,,,38.40,NAP,N,
005740501,00027,00574050100027,O,1981-11-18,NN,,,2024-03-30T17:32:06,true,5,,,,,,,LA VILLE,04260,ALLOS,,,04006,,,,,04006B129_C,,,,,,,,,,,,,,,,,2008-01-01,F,,,,,68.20B,NAFRev2,N,
005740501,00043,00574050100043,O,1987-01-01,NN,,,2024-03-30T17:32:06,false,3,,,,,,,CHATEAU GARNIER,04170,THORAME-BASSE,,,04218,,,,,04218B017_C,,,,,,,,,,,,,,,,,2000-12-31,F,,,,,70.2A,NAF1993,N,
005740543,00011,00574054300011,O,,NN,,,2024-03-22T15:40:57,true,1,,,,,,,,04330,BARREME,,,04022,,,,,,,,,,,,,,,,,,,,,,1987-07-24,F,,,,,67.08,NAP,N,
005740568,00034,00574056800034,O,,NN,,,2024-03-30T12:07:36,true,1,,79,,,,BOULEVARD,GASSENDI,04000,DIGNE-LES-BAINS,,,04070,,,,,040700710_B,959189.0370310328,6338076.153813714,,,,,,,,,,,,,,,1996-12-12,F,,,,,24.5C,NAF1993,N,
005740576,00011,00574057600011,O,,NN,,,2024-03-30T13:26:59,true,1,,41,,,,RUE,DE L'HUBAC,04000,DIGNE-LES-BAINS,,,04070,,,,,040700870_B,959025.5090988699,6337914.879159607,,,,,,,,,,,,,,,1994-10-27,F,,,,,15.8P,NAF1993,N,
005740584,00015,00574058400015,O,,NN,,,2024-03-22T15:40:57,true,1,,,,,,,,04530,LARCHE,,,04100,,,,,,,,,,,,,,,,,,,,,,1984-12-25,F,,,,,67.08,NAP,N,
005740626,00014,00574062600014,O,,NN,,,2024-03-22T15:40:57,true,1,,,,,,,,04330,CHAUDON-NORANTE,,,04055,,,,,,,,,,,,,,,,,,,,,,1984-12-25,F,,,,,67.01,NAP,N,
005740659,00015,00574065900015,O,,NN,,,2024-03-22T15:40:57,true,1,,,,,,,,04530,LA CONDAMINE-CHATELARD,,,04062,,,,,,,,,,,,,,,,,,,,,,1984-12-25,F,,,,,67.01,NAP,N,
005740857,00023,00574085700023,O,,NN,,,2024-03-22T15:40:57,true,1,,,,,,,LOT LE THOR,04700,LA BRILLANNE,,,04034,,,,,,,,,,,,,,,,,,,,,,1987-12-31,F,,,,,55.40,NAP,N,
005740865,00018,00574086500018,O,,NN,,,2024-03-22T15:40:57,true,1,,,,,,,,04380,THOARD,,,04217,,,,,,,,,,,,,,,,,,,,,,1984-12-25,F,,,,,00.97,NAP,N,
005740956,00015,00574095600015,O,,NN,,,2024-03-22T15:40:57,true,1,,,,,,,,04240,ANNOT,,,04008,,,,,,,,,,,,,,,,,,,,,,1989-09-11,F,,,,,81.21,NAP,N,
005740972,00020,00574097200020,O,1980-04-01,NN,,,2024-03-30T05:15:05,false,4,,25,,,,BOULEVARD,VICTOR HUGO,04000,DIGNE-LES-BAINS,,,04070,,,,,040701690_B,958976.0073031985,6338219.205033082,,,,,,,,,,,,,,,1992-12-31,F,,,,,70.2C,NAF1993,N,
005740972,00038,00574097200038,O,1993-03-11,NN,,,2024-03-30T05:58:44,true,2,ZI,,,,,,SAINT CHRISTOPHE,04000,DIGNE-LES-BAINS,,,04070,,,,,04070B137_C,,,,,,,,,,,,,,,,,1993-12-25,F,,,,,14.1A,NAF1993,N,
005740980,00023,00574098000023,O,,NN,,,2024-03-30T16:06:44,true,1,,,,,,,LES ARCHES,04000,DIGNE-LES-BAINS,,,04070,,,,,040709xupgp_B,958817.9076579149,6339947.542858506,,,,,,,,,,,,,,,1984-12-25,F,,,,,55.60,NAP,N,
005741012,00016,00574101200016,O,,NN,,,2024-03-22T15:40:57,true,1,,,,,,,,04160,L'ESCALE,,,04079,,,,,,,,,,,,,,,,,,,,,,1993-12-31,F,,,,,52.4C,NAF1993,N,
005741103,00013,00574110300013,O,,NN,,,2024-03-30T05:50:23,true,1,,,,,,,LE THEY,04000,DIGNE-LES-BAINS,,,04070,,,,,040705bcjg6_B,957559.7848359529,6337059.548386633,,,,,,,,,,,,,,,1984-12-25,F,,,,,00.97,NAP,N,
005741137,00011,00574113700011,O,,NN,,,2024-03-22T15:40:57,true,1,,,,,,,,04500,RIEZ,,,04166,,,,,,,,,,,,,,,,,,,,,,1987-03-22,F,,,,,65.06,NAP,N,
005741343,00015,00574134300015,O,,NN,,,2024-03-22T15:40:57,true,1,,,,,,LD,LES CHENES,04200,SISTERON,,,04209,,,,,,,,,,,,,,,,,,,,,,1984-12-25,F,,,,,67.01,NAP,N,
005741400,00013,00574140000013,O,,NN,,,2024-03-30T08:01:57,true,1,,14,,,,RUE,PIED DE VILLE,04000,DIGNE-LES-BAINS,,,04070,,,,,040701250_B,958930.7462257971,6337794.457199158,,,,,,,,,,,,,,,1984-12-25,F,,,,,00.97,NAP,N,
005741509,00011,00574150900011,O,,NN,,,2024-03-30T17:34:33,true,1,,,,,,,LA BEGUDE,04270,BRAS-D ASSE,,,04031,,,,,04031B003_C,,,,,,,,,,,,,,,,,1984-12-25,F,,,,,00.97,NAP,N,
005741517,00014,00574151700014,O,,NN,,,2024-03-22T15:40:57,true,1,,,,,,,,04210,BRUNET,,,04035,,,,,,,,,,,,,,,,,,,,,,1984-12-25,F,,,,,67.05,NAP,N,
005741525,00017,00574152500017,O,,NN,,,2024-03-30T09:03:03,true,1,,,,,,RUE,ELIE JULIEN,04700,ORAISON,,,04143,,,,,041430175_B,934411.1198571149,6317351.898844112,,,,,,,,,,,,,,,1984-12-25,F,,,,,62.44,NAP,N,
005741533,00011,00574153300011,O,,NN,,,2024-03-30T04:04:47,true,1,,,,,,ALLEE,ARTHUR GOUIN,04700,ORAISON,,,04143,,,,,041430050_B,934383.9569270812,6317316.980259378,,,,,,,,,,,,,,,1984-12-25,F,,,,,00.97,NAP,N,
005741541,00014,00574154100014,O,1957-01-01,NN,,,2024-03-22T15:40:57,false,5,,,,,,,,04530,SAINT-PAUL-SUR-UBAYE,,,04193,,,,,,,,,,,,,,,,,,,,,,2013-03-09,F,,,,,68.20B,NAFRev2,N,
005741541,00022,00574154100022,O,1991-04-01,NN,,,2024-03-30T09:42:46,true,4,,,,,,,BRIANCON,04850,JAUSIERS,,,04096,,,,,04096B019_C,,,,,,,,,,,,,,,,,2013-03-09,F,,,,,68.20A,NAFRev2,N,
005741566,00011,00574156600011,O,,NN,,,2024-03-22T15:40:57,true,1,,,,,,QUAI,POMPIERY,04140,SEYNE,,,04205,,,,,,,,,,,,,,,,,,,,,,1984-12-25,F,,,,,00.97,NAP,N,
005741749,00013,00574174900013,O,,NN,,,2024-03-30T09:16:59,true,1,,,,,,PLACE,DE L’HORLOGE,04200,SISTERON,,,04209,,,,,042090720_B,935302.5824347491,6348610.105819406,,,,,,,,,,,,,,,1984-12-25,F,,,,,64.22,NAP,N,
005741814,00015,00574181400015,O,,NN,,,2024-03-22T15:40:57,true,1,,,,,,,,04120,ROUGON,,,04171,,,,,,,,,,,,,,,,,,,,,,1992-11-23,F,,,,,55.3A,NAF1993,N,
005741830,00011,00574183000011,O,,NN,,,2024-03-30T12:02:32,true,1,,8,,,,AVENUE,DE SAINT-VERAN,04000,DIGNE-LES-BAINS,,,04070,,,,,040701511_B,957924.4929089654,6337479.413388881,,,,,,,,,,,,,,,,F,,,,,57.04,NAP,N,
005741897,00010,00574189700010,O,,NN,,,2024-03-22T15:40:57,true,1,,,,,,,,04530,LA CONDAMINE-CHATELARD,,,04062,,,,,,,,,,,,,,,,,,,,,,1993-12-27,F,,,,,55.4B,NAF1993,N,
005741921,00018,00574192100018,O,,NN,,,2024-03-29T22:59:07,true,1,,,,,,PLACE,DES RECOLLETS,04000,DIGNE-LES-BAINS,,,04070,,,,,04070v0om9q_B,959339.4769408583,6337857.147596054,,,,,,,,,,,,,,,1984-12-25,F,,,,,00.97,NAP,N,
005741954,00019,00574195400019,O,,NN,,,2024-03-22T15:40:57,true,1,,,,,,,,04200,SISTERON,,,04209,,,,,,,,,,,,,,,,,,,,,,1984-12-25,F,,,,,00.97,NAP,N,
005741962,00012,00574196200012,O,,NN,,,2024-03-22T15:40:57,true,1,,,,,,,GRAND RUE,04800,GREOUX-LES-BAINS,,,04094,,,,,,,,,,,,,,,,,,,,,,1994-03-29,F,,,,,52.4C,NAF1993,N,
005741970,00015,00574197000015,O,,NN,,,2024-03-22T15:40:57,true,1,,,,,,,,04380,THOARD,,,04217,,,,,,,,,,,,,,,,,,,,,,,F,,,,,38.40,NAP,N,
005741988,00017,00574198800017,O,,NN,,,2024-03-30T16:10:44,true,1,,35,,,,RUE,MANUEL,04400,BARCELONNETTE,,,04019,,,,,040190340_B,990773.3169466947,6372053.556055837,,,,,,,,,,,,,,,1995-02-01,F,,,,,52.4C,NAF1993,O,
005741996,00010,00574199600010,O,,NN,,,2024-03-22T15:40:57,true,1,,,,,,,,04200,VAUMEILH,,,04233,,,,,,,,,,,,,,,,,,,,,,1991-06-28,F,,,,,01.80,NAP,N,
005742028,00011,00574202800011,P,1957-01-01,NN,,,2024-03-30T12:18:05,false,4,[ND],[ND],[ND],[ND],[ND],[ND],[ND],[ND],CHATEAU-ARNOUX-SAINT-AUBAN,,[ND],04049,[ND],[ND],,,[ND],[ND],[ND],[ND],[ND],[ND],[ND],[ND],[ND],,,[ND],,[ND],[ND],,,2012-12-31,F,[ND],[ND],[ND],[ND],68.20B,NAFRev2,N,
005742028,00029,00574202800029,P,2002-01-01,NN,,,2024-03-22T15:40:57,false,4,[ND],[ND],[ND],[ND],[ND],[ND],[ND],[ND],VOLONNE,,[ND],04244,[ND],[ND],,,[ND],[ND],[ND],[ND],[ND],[ND],[ND],[ND],[ND],,,[ND],,[ND],[ND],,,2011-12-31,F,[ND],[ND],[ND],[ND],01.11Z,NAFRev2,N,
005742028,00037,00574202800037,P,2024-01-01,NN,,,2025-12-05T21:47:27,true,1,[ND],[ND],[ND],[ND],[ND],[ND],[ND],[ND],CHATEAU-ARNOUX-SAINT-AUBAN,,[ND],04049,[ND],[ND],,,[ND],[ND],[ND],[ND],[ND],[ND],[ND],[ND],[ND],,,[ND],,[ND],[ND],,,2024-01-01,A,[ND],[ND],[ND],[ND],68.20B,NAFRev2,N,68.20H
005742036,00014,00574203600014,O,,NN,,,2024-03-22T15:40:57,true,1,,,,,,LD,BEAULIEU,04200,SISTERON,,,04209,,,,,,,,,,,,,,,,,,,,,,1984-12-25,F,,,,,69.22,NAP,N,
